,dt
0,2010-01-01
1,2010-01-02
2,2010-01-03
3,2010-01-04
4,2010-01-05
5,2010-01-06
6,2010-01-07
7,2010-01-09
8,2010-01-10
9,2010-01-11
10,2010-01-12
11,2010-01-14
12,2010-01-15
13,2010-01-16
14,2010-01-17
15,2010-01-19
16,2010-01-20
17,2010-01-21
18,2010-01-22
19,2010-01-24
20,2010-01-25
21,2010-01-26
22,2010-01-28
23,2010-01-29
24,2010-01-30
25,2010-02-01
26,2010-02-02
27,2010-02-04
28,2010-02-05
29,2010-02-06
30,2010-02-07
31,2010-02-08
32,2010-02-10
33,2010-02-11
34,2010-02-13
35,2010-02-14
36,2010-02-15
37,2010-02-16
38,2010-02-17
39,2010-02-18
40,2010-02-20
41,2010-02-21
42,2010-02-22
43,2010-02-23
44,2010-02-24
45,2010-02-25
46,2010-02-26
47,2010-02-27
48,2010-02-28
49,2010-03-01
50,2010-03-02
51,2010-03-03
52,2010-03-06
53,2010-03-07
54,2010-03-08
55,2010-03-09
56,2010-03-10
57,2010-03-11
58,2010-03-12
59,2010-03-13
60,2010-03-14
61,2010-03-16
62,2010-03-17
63,2010-03-18
64,2010-03-19
65,2010-03-20
66,2010-03-21
67,2010-03-22
68,2010-03-23
69,2010-03-24
70,2010-03-25
71,2010-03-26
72,2010-03-29
73,2010-03-30
74,2010-03-31
75,2010-04-01
76,2010-04-02
77,2010-04-03
78,2010-04-04
79,2010-04-05
80,2010-04-07
81,2010-04-08
82,2010-04-09
83,2010-04-10
84,2010-04-11
85,2010-04-13
86,2010-04-15
87,2010-04-16
88,2010-04-17
89,2010-04-18
90,2010-04-19
91,2010-04-20
92,2010-04-21
93,2010-04-22
94,2010-04-23
95,2010-04-24
96,2010-04-25
97,2010-04-26
98,2010-04-28
99,2010-04-29
100,2010-04-30
101,2010-05-02
102,2010-05-03
103,2010-05-04
104,2010-05-05
105,2010-05-06
106,2010-05-08
107,2010-05-09
108,2010-05-10
109,2010-05-11
110,2010-05-12
111,2010-05-13
112,2010-05-15
113,2010-05-16
114,2010-05-17
115,2010-05-18
116,2010-05-19
117,2010-05-20
118,2010-05-22
119,2010-05-25
120,2010-05-26
121,2010-05-27
122,2010-05-28
123,2010-05-29
124,2010-05-30
125,2010-06-01
126,2010-06-02
127,2010-06-03
128,2010-06-04
129,2010-06-05
130,2010-06-06
131,2010-06-07
132,2010-06-08
133,2010-06-09
134,2010-06-10
135,2010-06-11
136,2010-06-13
137,2010-06-14
138,2010-06-15
139,2010-06-16
140,2010-06-17
141,2010-06-18
142,2010-06-19
143,2010-06-20
144,2010-06-21
145,2010-06-23
146,2010-06-24
147,2010-06-25
148,2010-06-26
149,2010-06-27
150,2010-06-28
151,2010-06-30
152,2010-07-01
153,2010-07-02
154,2010-07-03
155,2010-07-04
156,2010-07-05
157,2010-07-06
158,2010-07-07
159,2010-07-08
160,2010-07-09
161,2010-07-10
162,2010-07-11
163,2010-07-12
164,2010-07-14
165,2010-07-15
166,2010-07-16
167,2010-07-17
168,2010-07-18
169,2010-07-21
170,2010-07-22
171,2010-07-23
172,2010-07-24
173,2010-07-25
174,2010-07-27
175,2010-07-28
176,2010-07-29
177,2010-07-30
178,2010-07-31
179,2010-08-01
180,2010-08-02
181,2010-08-03
182,2010-08-04
183,2010-08-05
184,2010-08-06
185,2010-08-07
186,2010-08-08
187,2010-08-09
188,2010-08-10
189,2010-08-11
190,2010-08-13
191,2010-08-15
192,2010-08-16
193,2010-08-17
194,2010-08-18
195,2010-08-19
196,2010-08-20
197,2010-08-21
198,2010-08-22
199,2010-08-23
200,2010-08-24
201,2010-08-27
202,2010-08-28
203,2010-08-29
204,2010-08-30
205,2010-08-31
206,2010-09-01
207,2010-09-02
208,2010-09-03
209,2010-09-05
210,2010-09-07
211,2010-09-08
212,2010-09-10
213,2010-09-11
214,2010-09-12
215,2010-09-13
216,2010-09-15
217,2010-09-17
218,2010-09-19
219,2010-09-20
220,2010-09-21
221,2010-09-22
222,2010-09-23
223,2010-09-26
224,2010-09-27
225,2010-09-28
226,2010-09-29
227,2010-10-01
228,2010-10-02
229,2010-10-03
230,2010-10-04
231,2010-10-05
232,2010-10-06
233,2010-10-07
234,2010-10-08
235,2010-10-09
236,2010-10-11
237,2010-10-12
238,2010-10-13
239,2010-10-14
240,2010-10-15
241,2010-10-17
242,2010-10-19
243,2010-10-20
244,2010-10-21
245,2010-10-22
246,2010-10-23
247,2010-10-24
248,2010-10-25
249,2010-10-26
250,2010-10-27
251,2010-10-28
252,2010-10-29
253,2010-10-30
254,2010-11-01
255,2010-11-02
256,2010-11-04
257,2010-11-05
258,2010-11-06
259,2010-11-07
260,2010-11-08
261,2010-11-09
262,2010-11-10
263,2010-11-11
264,2010-11-12
265,2010-11-13
266,2010-11-14
267,2010-11-16
268,2010-11-17
269,2010-11-18
270,2010-11-19
271,2010-11-20
272,2010-11-21
273,2010-11-23
274,2010-11-24
275,2010-11-25
276,2010-11-26
277,2010-11-27
278,2010-11-28
279,2010-11-29
280,2010-12-02
281,2010-12-03
282,2010-12-04
283,2010-12-05
284,2010-12-06
285,2010-12-08
286,2010-12-09
287,2010-12-13
288,2010-12-14
289,2010-12-15
290,2010-12-16
291,2010-12-17
292,2010-12-18
293,2010-12-20
294,2010-12-21
295,2010-12-22
296,2010-12-23
297,2010-12-24
298,2010-12-25
299,2010-12-26
300,2010-12-27
301,2010-12-28
302,2010-12-29
303,2010-12-30
304,2011-01-01
305,2011-01-03
306,2011-01-04
307,2011-01-05
308,2011-01-06
309,2011-01-07
310,2011-01-09
311,2011-01-10
312,2011-01-11
313,2011-01-12
314,2011-01-13
315,2011-01-14
316,2011-01-15
317,2011-01-16
318,2011-01-17
319,2011-01-18
320,2011-01-19
321,2011-01-20
322,2011-01-21
323,2011-01-22
324,2011-01-23
325,2011-01-24
326,2011-01-25
327,2011-01-26
328,2011-01-27
329,2011-01-28
330,2011-01-29
331,2011-01-30
332,2011-01-31
333,2011-02-02
334,2011-02-04
335,2011-02-05
336,2011-02-06
337,2011-02-08
338,2011-02-09
339,2011-02-10
340,2011-02-11
341,2011-02-12
342,2011-02-14
343,2011-02-15
344,2011-02-16
345,2011-02-17
346,2011-02-18
347,2011-02-19
348,2011-02-20
349,2011-02-21
350,2011-02-22
351,2011-02-24
352,2011-02-25
353,2011-02-26
354,2011-02-27
355,2011-02-28
356,2011-03-01
357,2011-03-02
358,2011-03-03
359,2011-03-04
360,2011-03-05
361,2011-03-06
362,2011-03-07
363,2011-03-08
364,2011-03-09
365,2011-03-10
366,2011-03-11
367,2011-03-12
368,2011-03-13
369,2011-03-14
370,2011-03-15
371,2011-03-16
372,2011-03-17
373,2011-03-18
374,2011-03-20
375,2011-03-21
376,2011-03-22
377,2011-03-23
378,2011-03-24
379,2011-03-26
380,2011-03-27
381,2011-03-28
382,2011-03-29
383,2011-03-30
384,2011-03-31
385,2011-04-02
386,2011-04-03
387,2011-04-04
388,2011-04-05
389,2011-04-06
390,2011-04-07
391,2011-04-08
392,2011-04-09
393,2011-04-10
394,2011-04-11
395,2011-04-12
396,2011-04-13
397,2011-04-14
398,2011-04-15
399,2011-04-16
400,2011-04-17
401,2011-04-18
402,2011-04-19
403,2011-04-20
404,2011-04-21
405,2011-04-22
406,2011-04-23
407,2011-04-25
408,2011-04-26
409,2011-04-27
410,2011-04-28
411,2011-04-29
412,2011-05-01
413,2011-05-02
414,2011-05-03
415,2011-05-04
416,2011-05-07
417,2011-05-08
418,2011-05-11
419,2011-05-12
420,2011-05-13
421,2011-05-14
422,2011-05-15
423,2011-05-16
424,2011-05-17
425,2011-05-18
426,2011-05-19
427,2011-05-20
428,2011-05-21
429,2011-05-22
430,2011-05-23
431,2011-05-24
432,2011-05-25
433,2011-05-26
434,2011-05-27
435,2011-05-28
436,2011-05-30
437,2011-05-31
438,2011-06-01
439,2011-06-02
440,2011-06-03
441,2011-06-04
442,2011-06-05
443,2011-06-06
444,2011-06-08
445,2011-06-09
446,2011-06-11
447,2011-06-12
448,2011-06-13
449,2011-06-14
450,2011-06-15
451,2011-06-16
452,2011-06-17
453,2011-06-18
454,2011-06-19
455,2011-06-20
456,2011-06-21
457,2011-06-22
458,2011-06-23
459,2011-06-24
460,2011-06-25
461,2011-06-26
462,2011-06-27
463,2011-06-29
464,2011-06-30
465,2011-07-01
466,2011-07-02
467,2011-07-03
468,2011-07-06
469,2011-07-07
470,2011-07-08
471,2011-07-11
472,2011-07-12
473,2011-07-13
474,2011-07-14
475,2011-07-15
476,2011-07-16
477,2011-07-17
478,2011-07-18
479,2011-07-19
480,2011-07-20
481,2011-07-21
482,2011-07-22
483,2011-07-23
484,2011-07-24
485,2011-07-25
486,2011-07-26
487,2011-07-27
488,2011-07-28
489,2011-07-29
490,2011-07-30
491,2011-08-01
492,2011-08-02
493,2011-08-03
494,2011-08-06
495,2011-08-07
496,2011-08-09
497,2011-08-10
498,2011-08-11
499,2011-08-12
500,2011-08-13
501,2011-08-14
502,2011-08-15
503,2011-08-16
504,2011-08-18
505,2011-08-19
506,2011-08-20
507,2011-08-21
508,2011-08-22
509,2011-08-23
510,2011-08-24
511,2011-08-25
512,2011-08-26
513,2011-08-27
514,2011-08-28
515,2011-08-29
516,2011-08-30
517,2011-08-31
518,2011-09-01
519,2011-09-02
520,2011-09-03
521,2011-09-04
522,2011-09-05
523,2011-09-06
524,2011-09-07
525,2011-09-08
526,2011-09-09
527,2011-09-10
528,2011-09-11
529,2011-09-12
530,2011-09-13
531,2011-09-14
532,2011-09-15
533,2011-09-17
534,2011-09-18
535,2011-09-19
536,2011-09-20
537,2011-09-21
538,2011-09-22
539,2011-09-23
540,2011-09-24
541,2011-09-25
542,2011-09-26
543,2011-09-27
544,2011-09-28
545,2011-09-29
546,2011-09-30
547,2011-10-01
548,2011-10-02
549,2011-10-03
550,2011-10-04
551,2011-10-05
552,2011-10-07
553,2011-10-08
554,2011-10-09
555,2011-10-11
556,2011-10-12
557,2011-10-13
558,2011-10-14
559,2011-10-15
560,2011-10-16
561,2011-10-18
562,2011-10-19
563,2011-10-22
564,2011-10-23
565,2011-10-24
566,2011-10-25
567,2011-10-26
568,2011-10-27
569,2011-10-28
570,2011-10-29
571,2011-10-30
572,2011-10-31
573,2011-11-01
574,2011-11-03
575,2011-11-04
576,2011-11-06
577,2011-11-07
578,2011-11-08
579,2011-11-09
580,2011-11-10
581,2011-11-11
582,2011-11-12
583,2011-11-13
584,2011-11-14
585,2011-11-15
586,2011-11-16
587,2011-11-17
588,2011-11-18
589,2011-11-19
590,2011-11-20
591,2011-11-21
592,2011-11-22
593,2011-11-23
594,2011-11-24
595,2011-11-25
596,2011-11-26
597,2011-11-27
598,2011-11-28
599,2011-11-29
600,2011-11-30
601,2011-12-03
602,2011-12-05
603,2011-12-06
604,2011-12-07
605,2011-12-08
606,2011-12-10
607,2011-12-11
608,2011-12-12
609,2011-12-13
610,2011-12-14
611,2011-12-15
612,2011-12-16
613,2011-12-17
614,2011-12-18
615,2011-12-19
616,2011-12-20
617,2011-12-21
618,2011-12-23
619,2011-12-25
620,2011-12-27
621,2011-12-28
622,2011-12-29
623,2011-12-30
624,2011-12-31
625,2012-01-01
626,2012-01-02
627,2012-01-03
628,2012-01-04
629,2012-01-05
630,2012-01-06
631,2012-01-08
632,2012-01-09
633,2012-01-10
634,2012-01-11
635,2012-01-13
636,2012-01-14
637,2012-01-15
638,2012-01-16
639,2012-01-18
640,2012-01-19
641,2012-01-20
642,2012-01-21
643,2012-01-22
644,2012-01-23
645,2012-01-25
646,2012-01-26
647,2012-01-27
648,2012-01-28
649,2012-01-29
650,2012-01-30
651,2012-01-31
652,2012-02-01
653,2012-02-02
654,2012-02-04
655,2012-02-05
656,2012-02-06
657,2012-02-07
658,2012-02-08
659,2012-02-09
660,2012-02-10
661,2012-02-11
662,2012-02-12
663,2012-02-13
664,2012-02-14
665,2012-02-15
666,2012-02-16
667,2012-02-17
668,2012-02-18
669,2012-02-19
670,2012-02-20
671,2012-02-21
672,2012-02-22
673,2012-02-23
674,2012-02-24
675,2012-02-25
676,2012-02-26
677,2012-02-27
678,2012-02-28
679,2012-02-29
680,2012-03-01
681,2012-03-02
682,2012-03-04
683,2012-03-05
684,2012-03-06
685,2012-03-07
686,2012-03-08
687,2012-03-09
688,2012-03-11
689,2012-03-12
690,2012-03-13
691,2012-03-14
692,2012-03-15
693,2012-03-16
694,2012-03-17
695,2012-03-18
696,2012-03-19
697,2012-03-20
698,2012-03-21
699,2012-03-23
700,2012-03-24
701,2012-03-25
702,2012-03-26
703,2012-03-27
704,2012-03-28
705,2012-03-29
706,2012-03-30
707,2012-03-31
708,2012-04-01
709,2012-04-02
710,2012-04-03
711,2012-04-04
712,2012-04-05
713,2012-04-06
714,2012-04-07
715,2012-04-08
716,2012-04-09
717,2012-04-11
718,2012-04-12
719,2012-04-13
720,2012-04-15
721,2012-04-16
722,2012-04-17
723,2012-04-19
724,2012-04-20
725,2012-04-22
726,2012-04-24
727,2012-04-25
728,2012-04-26
729,2012-04-27
730,2012-04-28
731,2012-04-29
732,2012-04-30
733,2012-05-01
734,2012-05-02
735,2012-05-03
736,2012-05-04
737,2012-05-05
738,2012-05-06
739,2012-05-07
740,2012-05-08
741,2012-05-09
742,2012-05-10
743,2012-05-11
744,2012-05-12
745,2012-05-13
746,2012-05-14
747,2012-05-15
748,2012-05-16
749,2012-05-17
750,2012-05-18
751,2012-05-19
752,2012-05-20
753,2012-05-21
754,2012-05-22
755,2012-05-23
756,2012-05-25
757,2012-05-26
758,2012-05-28
759,2012-05-29
760,2012-05-30
761,2012-05-31
762,2012-06-01
763,2012-06-02
764,2012-06-03
765,2012-06-04
766,2012-06-06
767,2012-06-07
768,2012-06-09
769,2012-06-10
770,2012-06-11
771,2012-06-12
772,2012-06-13
773,2012-06-14
774,2012-06-15
775,2012-06-16
776,2012-06-17
777,2012-06-18
778,2012-06-20
779,2012-06-21
780,2012-06-22
781,2012-06-23
782,2012-06-24
783,2012-06-25
784,2012-06-26
785,2012-06-27
786,2012-06-28
787,2012-06-30
788,2012-07-01
789,2012-07-02
790,2012-07-03
791,2012-07-04
792,2012-07-05
793,2012-07-06
794,2012-07-07
795,2012-07-08
796,2012-07-09
797,2012-07-10
798,2012-07-11
799,2012-07-14
800,2012-07-15
801,2012-07-16
802,2012-07-17
803,2012-07-18
804,2012-07-19
805,2012-07-21
806,2012-07-22
807,2012-07-23
808,2012-07-24
809,2012-07-25
810,2012-07-26
811,2012-07-27
812,2012-07-28
813,2012-07-29
814,2012-07-30
815,2012-07-31
816,2012-08-01
817,2012-08-03
818,2012-08-04
819,2012-08-05
820,2012-08-06
821,2012-08-07
822,2012-08-08
823,2012-08-09
824,2012-08-10
825,2012-08-11
826,2012-08-12
827,2012-08-13
828,2012-08-14
829,2012-08-15
830,2012-08-16
831,2012-08-17
832,2012-08-18
833,2012-08-19
834,2012-08-21
835,2012-08-22
836,2012-08-24
837,2012-08-25
838,2012-08-27
839,2012-08-28
840,2012-08-29
841,2012-08-31
842,2012-09-01
843,2012-09-02
844,2012-09-03
845,2012-09-05
846,2012-09-06
847,2012-09-07
848,2012-09-09
849,2012-09-10
850,2012-09-11
851,2012-09-12
852,2012-09-13
853,2012-09-14
854,2012-09-15
855,2012-09-16
856,2012-09-17
857,2012-09-18
858,2012-09-19
859,2012-09-20
860,2012-09-21
861,2012-09-23
862,2012-09-24
863,2012-09-25
864,2012-09-26
865,2012-09-27
866,2012-09-28
867,2012-09-29
868,2012-09-30
869,2012-10-01
870,2012-10-02
871,2012-10-03
872,2012-10-04
873,2012-10-05
874,2012-10-06
875,2012-10-07
876,2012-10-08
877,2012-10-09
878,2012-10-10
879,2012-10-12
880,2012-10-13
881,2012-10-15
882,2012-10-16
883,2012-10-17
884,2012-10-18
885,2012-10-19
886,2012-10-20
887,2012-10-21
888,2012-10-22
889,2012-10-23
890,2012-10-24
891,2012-10-25
892,2012-10-26
893,2012-10-27
894,2012-10-28
895,2012-10-29
896,2012-10-31
897,2012-11-02
898,2012-11-03
899,2012-11-04
900,2012-11-05
901,2012-11-07
902,2012-11-08
903,2012-11-09
904,2012-11-10
905,2012-11-11
906,2012-11-12
907,2012-11-13
908,2012-11-14
909,2012-11-15
910,2012-11-16
911,2012-11-17
912,2012-11-18
913,2012-11-19
914,2012-11-20
915,2012-11-21
916,2012-11-22
917,2012-11-24
918,2012-11-27
919,2012-11-28
920,2012-11-29
921,2012-11-30
922,2012-12-02
923,2012-12-03
924,2012-12-04
925,2012-12-06
926,2012-12-07
927,2012-12-08
928,2012-12-09
929,2012-12-10
930,2012-12-11
931,2012-12-12
932,2012-12-13
933,2012-12-14
934,2012-12-15
935,2012-12-16
936,2012-12-17
937,2012-12-19
938,2012-12-20
939,2012-12-21
940,2012-12-22
941,2012-12-23
942,2012-12-25
943,2012-12-26
944,2012-12-27
945,2012-12-28
946,2012-12-29
947,2012-12-30
948,2012-12-31
949,2013-01-01
950,2013-01-02
951,2013-01-04
952,2013-01-05
953,2013-01-06
954,2013-01-07
955,2013-01-09
956,2013-01-10
957,2013-01-11
958,2013-01-12
959,2013-01-13
960,2013-01-14
961,2013-01-15
962,2013-01-16
963,2013-01-17
964,2013-01-18
965,2013-01-20
966,2013-01-22
967,2013-01-23
968,2013-01-24
969,2013-01-25
970,2013-01-26
971,2013-01-27
972,2013-01-30
973,2013-01-31
974,2013-02-01
975,2013-02-02
976,2013-02-03
977,2013-02-04
978,2013-02-05
979,2013-02-07
980,2013-02-08
981,2013-02-09
982,2013-02-10
983,2013-02-11
984,2013-02-12
985,2013-02-13
986,2013-02-14
987,2013-02-15
988,2013-02-16
989,2013-02-17
990,2013-02-18
991,2013-02-19
992,2013-02-20
993,2013-02-21
994,2013-02-23
995,2013-02-24
996,2013-02-25
997,2013-02-26
998,2013-02-27
999,2013-02-28
1000,2013-03-01
1001,2013-03-02
1002,2013-03-03
1003,2013-03-05
1004,2013-03-06
1005,2013-03-08
1006,2013-03-09
1007,2013-03-10
1008,2013-03-11
1009,2013-03-12
1010,2013-03-13
1011,2013-03-14
1012,2013-03-17
1013,2013-03-18
1014,2013-03-19
1015,2013-03-20
1016,2013-03-21
1017,2013-03-22
1018,2013-03-24
1019,2013-03-25
1020,2013-03-26
1021,2013-03-27
1022,2013-03-28
1023,2013-03-29
1024,2013-03-30
1025,2013-03-31
1026,2013-04-01
1027,2013-04-02
1028,2013-04-03
1029,2013-04-04
1030,2013-04-05
1031,2013-04-06
1032,2013-04-07
1033,2013-04-08
1034,2013-04-09
1035,2013-04-10
1036,2013-04-11
1037,2013-04-12
1038,2013-04-13
1039,2013-04-14
1040,2013-04-16
1041,2013-04-17
1042,2013-04-18
1043,2013-04-19
1044,2013-04-20
1045,2013-04-21
1046,2013-04-22
1047,2013-04-23
1048,2013-04-24
1049,2013-04-25
1050,2013-04-26
1051,2013-04-27
1052,2013-04-28
1053,2013-04-29
1054,2013-04-30
1055,2013-05-01
1056,2013-05-03
1057,2013-05-04
1058,2013-05-05
1059,2013-05-06
1060,2013-05-08
1061,2013-05-09
1062,2013-05-10
1063,2013-05-11
1064,2013-05-14
1065,2013-05-15
1066,2013-05-16
1067,2013-05-17
1068,2013-05-18
1069,2013-05-19
1070,2013-05-20
1071,2013-05-21
1072,2013-05-22
1073,2013-05-24
1074,2013-05-25
1075,2013-05-27
1076,2013-05-28
1077,2013-05-29
1078,2013-05-30
1079,2013-05-31
1080,2013-06-02
1081,2013-06-03
1082,2013-06-04
1083,2013-06-06
1084,2013-06-07
1085,2013-06-08
1086,2013-06-09
1087,2013-06-10
1088,2013-06-11
1089,2013-06-12
1090,2013-06-13
1091,2013-06-14
1092,2013-06-15
1093,2013-06-17
1094,2013-06-18
1095,2013-06-20
1096,2013-06-21
1097,2013-06-22
1098,2013-06-23
1099,2013-06-24
1100,2013-06-26
1101,2013-06-27
1102,2013-06-28
1103,2013-06-29
1104,2013-06-30
1105,2013-07-01
1106,2013-07-02
1107,2013-07-03
1108,2013-07-04
1109,2013-07-05
1110,2013-07-06
1111,2013-07-07
1112,2013-07-09
1113,2013-07-10
1114,2013-07-11
1115,2013-07-14
1116,2013-07-15
1117,2013-07-16
1118,2013-07-17
1119,2013-07-18
1120,2013-07-19
1121,2013-07-20
1122,2013-07-21
1123,2013-07-22
1124,2013-07-23
1125,2013-07-25
1126,2013-07-26
1127,2013-07-27
1128,2013-07-29
1129,2013-07-30
1130,2013-07-31
1131,2013-08-01
1132,2013-08-02
1133,2013-08-03
1134,2013-08-04
1135,2013-08-05
1136,2013-08-06
1137,2013-08-08
1138,2013-08-09
1139,2013-08-10
1140,2013-08-11
1141,2013-08-12
1142,2013-08-13
1143,2013-08-14
1144,2013-08-15
1145,2013-08-16
1146,2013-08-17
1147,2013-08-19
1148,2013-08-20
1149,2013-08-21
1150,2013-08-23
1151,2013-08-24
1152,2013-08-25
1153,2013-08-27
1154,2013-08-28
1155,2013-08-29
1156,2013-08-30
1157,2013-08-31
1158,2013-09-01
1159,2013-09-02
1160,2013-09-03
1161,2013-09-04
1162,2013-09-05
1163,2013-09-06
1164,2013-09-07
1165,2013-09-08
1166,2013-09-09
1167,2013-09-10
1168,2013-09-12
1169,2013-09-13
1170,2013-09-14
1171,2013-09-15
1172,2013-09-16
1173,2013-09-17
1174,2013-09-18
1175,2013-09-19
1176,2013-09-20
1177,2013-09-21
1178,2013-09-22
1179,2013-09-23
1180,2013-09-25
1181,2013-09-26
1182,2013-09-27
1183,2013-09-28
1184,2013-09-29
1185,2013-10-01
1186,2013-10-02
1187,2013-10-03
1188,2013-10-04
1189,2013-10-05
1190,2013-10-06
1191,2013-10-07
1192,2013-10-08
1193,2013-10-09
1194,2013-10-10
1195,2013-10-11
1196,2013-10-12
1197,2013-10-13
1198,2013-10-15
1199,2013-10-16
1200,2013-10-17
1201,2013-10-18
1202,2013-10-19
1203,2013-10-20
1204,2013-10-21
1205,2013-10-22
1206,2013-10-23
1207,2013-10-24
1208,2013-10-25
1209,2013-10-26
1210,2013-10-27
1211,2013-10-28
1212,2013-10-29
1213,2013-10-30
1214,2013-10-31
1215,2013-11-01
1216,2013-11-02
1217,2013-11-03
1218,2013-11-04
1219,2013-11-05
1220,2013-11-06
1221,2013-11-07
1222,2013-11-09
1223,2013-11-10
1224,2013-11-11
1225,2013-11-12
1226,2013-11-13
1227,2013-11-14
1228,2013-11-15
1229,2013-11-16
1230,2013-11-17
1231,2013-11-18
1232,2013-11-19
1233,2013-11-20
1234,2013-11-22
1235,2013-11-23
1236,2013-11-24
1237,2013-11-25
1238,2013-11-26
1239,2013-11-27
1240,2013-11-28
1241,2013-11-30
1242,2013-12-01
1243,2013-12-02
1244,2013-12-03
1245,2013-12-04
1246,2013-12-06
1247,2013-12-08
1248,2013-12-09
1249,2013-12-10
1250,2013-12-11
1251,2013-12-12
1252,2013-12-15
1253,2013-12-16
1254,2013-12-17
1255,2013-12-18
1256,2013-12-19
1257,2013-12-20
1258,2013-12-21
1259,2013-12-22
1260,2013-12-23
1261,2013-12-25
1262,2013-12-26
1263,2013-12-27
1264,2013-12-28
1265,2013-12-30
1266,2013-12-31
1267,2014-01-01
1268,2014-01-02
1269,2014-01-04
1270,2014-01-06
1271,2014-01-08
1272,2014-01-10
1273,2014-01-11
1274,2014-01-12
1275,2014-01-13
1276,2014-01-14
1277,2014-01-15
1278,2014-01-16
1279,2014-01-17
1280,2014-01-18
1281,2014-01-19
1282,2014-01-20
1283,2014-01-21
1284,2014-01-22
1285,2014-01-23
1286,2014-01-24
1287,2014-01-25
1288,2014-01-27
1289,2014-01-29
1290,2014-01-30
1291,2014-01-31
1292,2014-02-01
1293,2014-02-02
1294,2014-02-03
1295,2014-02-04
1296,2014-02-05
1297,2014-02-06
1298,2014-02-07
1299,2014-02-08
1300,2014-02-09
1301,2014-02-10
1302,2014-02-11
1303,2014-02-12
1304,2014-02-13
1305,2014-02-14
1306,2014-02-15
1307,2014-02-16
1308,2014-02-17
1309,2014-02-18
1310,2014-02-19
1311,2014-02-20
1312,2014-02-21
1313,2014-02-22
1314,2014-02-23
1315,2014-02-24
1316,2014-02-25
1317,2014-02-26
1318,2014-02-27
1319,2014-03-01
1320,2014-03-02
1321,2014-03-03
1322,2014-03-04
1323,2014-03-05
1324,2014-03-07
1325,2014-03-10
1326,2014-03-11
1327,2014-03-12
1328,2014-03-14
1329,2014-03-15
1330,2014-03-17
1331,2014-03-18
1332,2014-03-19
1333,2014-03-20
1334,2014-03-21
1335,2014-03-22
1336,2014-03-23
1337,2014-03-24
1338,2014-03-25
1339,2014-03-26
1340,2014-03-27
1341,2014-03-28
1342,2014-03-29
1343,2014-03-30
1344,2014-03-31
1345,2014-04-01
1346,2014-04-02
1347,2014-04-03
1348,2014-04-04
1349,2014-04-05
1350,2014-04-06
1351,2014-04-07
1352,2014-04-08
1353,2014-04-09
1354,2014-04-11
1355,2014-04-12
1356,2014-04-14
1357,2014-04-15
1358,2014-04-16
1359,2014-04-17
1360,2014-04-18
1361,2014-04-19
1362,2014-04-20
1363,2014-04-21
1364,2014-04-22
1365,2014-04-23
1366,2014-04-24
1367,2014-04-26
1368,2014-04-28
1369,2014-04-29
1370,2014-04-30
1371,2014-05-01
1372,2014-05-04
1373,2014-05-07
1374,2014-05-08
1375,2014-05-09
1376,2014-05-10
1377,2014-05-12
1378,2014-05-14
1379,2014-05-15
1380,2014-05-16
1381,2014-05-18
1382,2014-05-19
1383,2014-05-20
1384,2014-05-21
1385,2014-05-22
1386,2014-05-24
1387,2014-05-25
1388,2014-05-26
1389,2014-05-27
1390,2014-05-28
1391,2014-05-29
1392,2014-05-30
1393,2014-05-31
1394,2014-06-01
1395,2014-06-02
1396,2014-06-03
1397,2014-06-04
1398,2014-06-05
1399,2014-06-06
1400,2014-06-07
1401,2014-06-08
1402,2014-06-09
1403,2014-06-10
1404,2014-06-11
1405,2014-06-12
1406,2014-06-13
1407,2014-06-14
1408,2014-06-15
1409,2014-06-16
1410,2014-06-17
1411,2014-06-18
1412,2014-06-19
1413,2014-06-20
1414,2014-06-21
1415,2014-06-22
1416,2014-06-23
1417,2014-06-24
1418,2014-06-26
1419,2014-06-27
1420,2014-06-28
1421,2014-06-29
1422,2014-07-01
1423,2014-07-02
1424,2014-07-03
1425,2014-07-04
1426,2014-07-05
1427,2014-07-06
1428,2014-07-07
1429,2014-07-08
1430,2014-07-09
1431,2014-07-10
1432,2014-07-11
1433,2014-07-12
1434,2014-07-13
1435,2014-07-14
1436,2014-07-15
1437,2014-07-16
1438,2014-07-17
1439,2014-07-18
1440,2014-07-19
1441,2014-07-21
1442,2014-07-23
1443,2014-07-24
1444,2014-07-25
1445,2014-07-27
1446,2014-07-28
1447,2014-07-29
1448,2014-07-30
1449,2014-07-31
1450,2014-08-02
1451,2014-08-03
1452,2014-08-04
1453,2014-08-05
1454,2014-08-06
1455,2014-08-07
1456,2014-08-10
1457,2014-08-11
1458,2014-08-12
1459,2014-08-13
1460,2014-08-14
1461,2014-08-15
1462,2014-08-18
1463,2014-08-19
1464,2014-08-20
1465,2014-08-22
1466,2014-08-23
1467,2014-08-24
1468,2014-08-25
1469,2014-08-26
1470,2014-08-27
1471,2014-08-28
1472,2014-08-29
1473,2014-08-31
1474,2014-09-01
1475,2014-09-02
1476,2014-09-04
1477,2014-09-05
1478,2014-09-06
1479,2014-09-08
1480,2014-09-09
1481,2014-09-10
1482,2014-09-11
1483,2014-09-12
1484,2014-09-13
1485,2014-09-14
1486,2014-09-15
1487,2014-09-16
1488,2014-09-17
1489,2014-09-18
1490,2014-09-19
1491,2014-09-20
1492,2014-09-21
1493,2014-09-22
1494,2014-09-23
1495,2014-09-24
1496,2014-09-25
1497,2014-09-26
1498,2014-09-27
1499,2014-09-28
1500,2014-09-29
1501,2014-09-30
1502,2014-10-01
1503,2014-10-02
1504,2014-10-03
1505,2014-10-04
1506,2014-10-05
1507,2014-10-06
1508,2014-10-07
1509,2014-10-08
1510,2014-10-10
1511,2014-10-11
1512,2014-10-12
1513,2014-10-13
1514,2014-10-15
1515,2014-10-16
1516,2014-10-17
1517,2014-10-18
1518,2014-10-19
1519,2014-10-20
1520,2014-10-22
1521,2014-10-24
1522,2014-10-25
1523,2014-10-26
1524,2014-10-27
1525,2014-10-28
1526,2014-10-29
1527,2014-10-30
1528,2014-10-31
1529,2014-11-01
1530,2014-11-03
1531,2014-11-04
1532,2014-11-05
1533,2014-11-06
1534,2014-11-07
1535,2014-11-08
1536,2014-11-10
1537,2014-11-11
1538,2014-11-12
1539,2014-11-13
1540,2014-11-14
1541,2014-11-15
1542,2014-11-16
1543,2014-11-17
1544,2014-11-18
1545,2014-11-20
1546,2014-11-21
1547,2014-11-22
1548,2014-11-23
1549,2014-11-24
1550,2014-11-25
1551,2014-11-26
1552,2014-11-27
1553,2014-11-28
1554,2014-11-29
1555,2014-11-30
1556,2014-12-01
1557,2014-12-02
1558,2014-12-03
1559,2014-12-04
1560,2014-12-05
1561,2014-12-06
1562,2014-12-07
1563,2014-12-08
1564,2014-12-09
1565,2014-12-10
1566,2014-12-11
1567,2014-12-12
1568,2014-12-13
1569,2014-12-14
1570,2014-12-15
1571,2014-12-16
1572,2014-12-17
1573,2014-12-18
1574,2014-12-19
1575,2014-12-20
1576,2014-12-21
1577,2014-12-23
1578,2014-12-24
1579,2014-12-25
1580,2014-12-26
1581,2014-12-27
1582,2014-12-28
1583,2014-12-29
1584,2014-12-30
1585,2015-01-01
1586,2015-01-02
1587,2015-01-04
1588,2015-01-05
1589,2015-01-06
1590,2015-01-07
1591,2015-01-08
1592,2015-01-09
1593,2015-01-10
1594,2015-01-11
1595,2015-01-12
1596,2015-01-13
1597,2015-01-14
1598,2015-01-15
1599,2015-01-16
1600,2015-01-17
1601,2015-01-18
1602,2015-01-19
1603,2015-01-20
1604,2015-01-22
1605,2015-01-23
1606,2015-01-24
1607,2015-01-26
1608,2015-01-27
1609,2015-01-30
1610,2015-01-31
1611,2015-02-01
1612,2015-02-02
1613,2015-02-03
1614,2015-02-04
1615,2015-02-05
1616,2015-02-06
1617,2015-02-07
1618,2015-02-08
1619,2015-02-09
1620,2015-02-10
1621,2015-02-11
1622,2015-02-12
1623,2015-02-13
1624,2015-02-14
1625,2015-02-16
1626,2015-02-17
1627,2015-02-19
1628,2015-02-20
1629,2015-02-21
1630,2015-02-22
1631,2015-02-23
1632,2015-02-24
1633,2015-02-25
1634,2015-02-26
1635,2015-02-27
1636,2015-02-28
1637,2015-03-02
1638,2015-03-03
1639,2015-03-04
1640,2015-03-05
1641,2015-03-06
1642,2015-03-07
1643,2015-03-08
1644,2015-03-09
1645,2015-03-10
1646,2015-03-12
1647,2015-03-13
1648,2015-03-14
1649,2015-03-15
1650,2015-03-16
1651,2015-03-17
1652,2015-03-18
1653,2015-03-19
1654,2015-03-20
1655,2015-03-21
1656,2015-03-22
1657,2015-03-23
1658,2015-03-24
1659,2015-03-25
1660,2015-03-26
1661,2015-03-27
1662,2015-03-28
1663,2015-03-29
1664,2015-03-30
1665,2015-03-31
1666,2015-04-02
1667,2015-04-03
1668,2015-04-04
1669,2015-04-05
1670,2015-04-06
1671,2015-04-08
1672,2015-04-10
1673,2015-04-12
1674,2015-04-13
1675,2015-04-14
1676,2015-04-15
1677,2015-04-16
1678,2015-04-18
1679,2015-04-19
1680,2015-04-21
1681,2015-04-22
1682,2015-04-23
1683,2015-04-24
1684,2015-04-25
1685,2015-04-26
1686,2015-04-27
1687,2015-04-28
1688,2015-04-29
1689,2015-04-30
1690,2015-05-01
1691,2015-05-02
1692,2015-05-03
1693,2015-05-04
1694,2015-05-05
1695,2015-05-06
1696,2015-05-07
1697,2015-05-08
1698,2015-05-09
1699,2015-05-10
1700,2015-05-11
1701,2015-05-12
1702,2015-05-13
1703,2015-05-14
1704,2015-05-15
1705,2015-05-16
1706,2015-05-17
1707,2015-05-18
1708,2015-05-20
1709,2015-05-22
1710,2015-05-23
1711,2015-05-24
1712,2015-05-25
1713,2015-05-27
1714,2015-05-28
1715,2015-05-30
1716,2015-05-31
1717,2015-06-01
1718,2015-06-02
1719,2015-06-03
1720,2015-06-04
1721,2015-06-05
1722,2015-06-06
1723,2015-06-07
1724,2015-06-08
1725,2015-06-09
1726,2015-06-10
1727,2015-06-11
1728,2015-06-12
1729,2015-06-13
1730,2015-06-14
1731,2015-06-15
1732,2015-06-17
1733,2015-06-18
1734,2015-06-19
1735,2015-06-20
1736,2015-06-21
1737,2015-06-23
1738,2015-06-24
1739,2015-06-25
1740,2015-06-26
1741,2015-06-27
1742,2015-06-28
1743,2015-06-30
1744,2015-07-01
1745,2015-07-02
1746,2015-07-03
1747,2015-07-04
1748,2015-07-05
1749,2015-07-06
1750,2015-07-07
1751,2015-07-08
1752,2015-07-09
1753,2015-07-10
1754,2015-07-11
1755,2015-07-13
1756,2015-07-14
1757,2015-07-15
1758,2015-07-16
1759,2015-07-17
1760,2015-07-18
1761,2015-07-19
1762,2015-07-20
1763,2015-07-21
1764,2015-07-22
1765,2015-07-23
1766,2015-07-24
1767,2015-07-25
1768,2015-07-27
1769,2015-07-28
1770,2015-07-29
1771,2015-07-30
1772,2015-07-31
1773,2015-08-02
1774,2015-08-04
1775,2015-08-05
1776,2015-08-07
1777,2015-08-08
1778,2015-08-10
1779,2015-08-11
1780,2015-08-12
1781,2015-08-13
1782,2015-08-14
1783,2015-08-15
1784,2015-08-16
1785,2015-08-17
1786,2015-08-18
1787,2015-08-19
1788,2015-08-20
1789,2015-08-21
1790,2015-08-23
1791,2015-08-24
1792,2015-08-25
1793,2015-08-26
1794,2015-08-27
1795,2015-08-28
1796,2015-08-30
1797,2015-08-31
1798,2015-09-01
1799,2015-09-02
1800,2015-09-03
1801,2015-09-04
1802,2015-09-05
1803,2015-09-06
1804,2015-09-07
1805,2015-09-08
1806,2015-09-10
1807,2015-09-11
1808,2015-09-12
1809,2015-09-13
1810,2015-09-14
1811,2015-09-15
1812,2015-09-16
1813,2015-09-17
1814,2015-09-18
1815,2015-09-19
1816,2015-09-21
1817,2015-09-22
1818,2015-09-23
1819,2015-09-24
1820,2015-09-25
1821,2015-09-26
1822,2015-09-27
1823,2015-09-28
1824,2015-09-29
1825,2015-09-30
1826,2015-10-01
1827,2015-10-02
1828,2015-10-03
1829,2015-10-04
1830,2015-10-05
1831,2015-10-06
1832,2015-10-07
1833,2015-10-09
1834,2015-10-10
1835,2015-10-12
1836,2015-10-13
1837,2015-10-14
1838,2015-10-16
1839,2015-10-18
1840,2015-10-19
1841,2015-10-20
1842,2015-10-22
1843,2015-10-23
1844,2015-10-24
1845,2015-10-25
1846,2015-10-26
1847,2015-10-27
1848,2015-10-28
1849,2015-10-29
1850,2015-10-30
1851,2015-10-31
1852,2015-11-01
1853,2015-11-02
1854,2015-11-03
1855,2015-11-04
1856,2015-11-05
1857,2015-11-06
1858,2015-11-07
1859,2015-11-08
1860,2015-11-09
1861,2015-11-10
1862,2015-11-11
1863,2015-11-12
1864,2015-11-13
1865,2015-11-14
1866,2015-11-15
1867,2015-11-16
1868,2015-11-18
1869,2015-11-19
1870,2015-11-20
1871,2015-11-21
1872,2015-11-22
1873,2015-11-23
1874,2015-11-24
1875,2015-11-25
1876,2015-11-26
1877,2015-11-28
1878,2015-11-29
1879,2015-11-30
1880,2015-12-01
1881,2015-12-02
1882,2015-12-03
1883,2015-12-04
1884,2015-12-05
1885,2015-12-06
1886,2015-12-07
1887,2015-12-08
1888,2015-12-09
1889,2015-12-11
1890,2015-12-12
1891,2015-12-13
1892,2015-12-14
1893,2015-12-15
1894,2015-12-16
1895,2015-12-17
1896,2015-12-18
1897,2015-12-20
1898,2015-12-21
1899,2015-12-23
1900,2015-12-24
1901,2015-12-25
1902,2015-12-26
1903,2015-12-27
1904,2015-12-28
1905,2015-12-29
1906,2015-12-30
1907,2015-12-31
1908,2016-01-01
1909,2016-01-02
1910,2016-01-03
1911,2016-01-04
1912,2016-01-05
1913,2016-01-06
1914,2016-01-07
1915,2016-01-08
1916,2016-01-09
1917,2016-01-11
1918,2016-01-12
1919,2016-01-13
1920,2016-01-14
1921,2016-01-15
1922,2016-01-16
1923,2016-01-17
1924,2016-01-18
1925,2016-01-19
1926,2016-01-20
1927,2016-01-21
1928,2016-01-22
1929,2016-01-23
1930,2016-01-24
1931,2016-01-25
1932,2016-01-26
1933,2016-01-27
1934,2016-01-28
1935,2016-01-29
1936,2016-01-30
1937,2016-01-31
1938,2016-02-01
1939,2016-02-02
1940,2016-02-04
1941,2016-02-05
1942,2016-02-06
1943,2016-02-07
1944,2016-02-08
1945,2016-02-10
1946,2016-02-12
1947,2016-02-13
1948,2016-02-14
1949,2016-02-15
1950,2016-02-16
1951,2016-02-17
1952,2016-02-18
1953,2016-02-19
1954,2016-02-20
1955,2016-02-21
1956,2016-02-23
1957,2016-02-24
1958,2016-02-25
1959,2016-02-26
1960,2016-02-27
1961,2016-02-28
1962,2016-02-29
1963,2016-03-01
1964,2016-03-02
1965,2016-03-03
1966,2016-03-05
1967,2016-03-06
1968,2016-03-07
1969,2016-03-09
1970,2016-03-10
1971,2016-03-11
1972,2016-03-12
1973,2016-03-13
1974,2016-03-14
1975,2016-03-15
1976,2016-03-16
1977,2016-03-18
1978,2016-03-19
1979,2016-03-20
1980,2016-03-23
1981,2016-03-24
1982,2016-03-26
1983,2016-03-27
1984,2016-03-28
1985,2016-03-29
1986,2016-03-30
1987,2016-03-31
1988,2016-04-01
1989,2016-04-02
1990,2016-04-03
1991,2016-04-04
1992,2016-04-05
1993,2016-04-06
1994,2016-04-07
1995,2016-04-08
1996,2016-04-09
1997,2016-04-11
1998,2016-04-12
1999,2016-04-13
2000,2016-04-15
2001,2016-04-16
2002,2016-04-17
2003,2016-04-18
2004,2016-04-19
2005,2016-04-20
2006,2016-04-21
2007,2016-04-23
2008,2016-04-24
2009,2016-04-25
2010,2016-04-26
2011,2016-04-27
2012,2016-04-28
2013,2016-04-29
2014,2016-04-30
2015,2016-05-01
2016,2016-05-02
2017,2016-05-05
2018,2016-05-06
2019,2016-05-07
2020,2016-05-08
2021,2016-05-09
2022,2016-05-10
2023,2016-05-11
2024,2016-05-12
2025,2016-05-13
2026,2016-05-14
2027,2016-05-15
2028,2016-05-16
2029,2016-05-17
2030,2016-05-18
2031,2016-05-20
2032,2016-05-21
2033,2016-05-22
2034,2016-05-23
2035,2016-05-24
2036,2016-05-26
2037,2016-05-27
2038,2016-05-28
2039,2016-05-29
2040,2016-05-30
2041,2016-05-31
2042,2016-06-01
2043,2016-06-02
2044,2016-06-03
2045,2016-06-04
2046,2016-06-05
2047,2016-06-06
2048,2016-06-07
2049,2016-06-08
2050,2016-06-09
2051,2016-06-11
2052,2016-06-14
2053,2016-06-15
2054,2016-06-16
2055,2016-06-17
2056,2016-06-18
2057,2016-06-19
2058,2016-06-21
2059,2016-06-22
2060,2016-06-23
2061,2016-06-24
2062,2016-06-25
2063,2016-06-26
2064,2016-06-27
2065,2016-06-28
2066,2016-06-29
2067,2016-06-30
2068,2016-07-01
2069,2016-07-02
2070,2016-07-03
2071,2016-07-04
2072,2016-07-05
2073,2016-07-06
2074,2016-07-07
2075,2016-07-08
2076,2016-07-09
2077,2016-07-11
2078,2016-07-12
2079,2016-07-13
2080,2016-07-14
2081,2016-07-15
2082,2016-07-16
2083,2016-07-17
2084,2016-07-18
2085,2016-07-19
2086,2016-07-20
2087,2016-07-21
2088,2016-07-22
2089,2016-07-25
2090,2016-07-26
2091,2016-07-28
2092,2016-07-29
2093,2016-07-30
2094,2016-07-31
2095,2016-08-01
2096,2016-08-02
2097,2016-08-03
2098,2016-08-04
2099,2016-08-05
2100,2016-08-06
2101,2016-08-07
2102,2016-08-08
2103,2016-08-09
2104,2016-08-10
2105,2016-08-11
2106,2016-08-12
2107,2016-08-13
2108,2016-08-15
2109,2016-08-16
2110,2016-08-17
2111,2016-08-18
2112,2016-08-19
2113,2016-08-20
2114,2016-08-21
2115,2016-08-22
2116,2016-08-23
2117,2016-08-24
2118,2016-08-25
2119,2016-08-26
2120,2016-08-27
2121,2016-08-28
2122,2016-08-29
2123,2016-08-30
2124,2016-08-31
2125,2016-09-01
2126,2016-09-02
2127,2016-09-03
2128,2016-09-04
2129,2016-09-06
2130,2016-09-07
2131,2016-09-08
2132,2016-09-09
2133,2016-09-10
2134,2016-09-11
2135,2016-09-12
2136,2016-09-13
2137,2016-09-14
2138,2016-09-15
2139,2016-09-16
2140,2016-09-18
2141,2016-09-19
2142,2016-09-20
2143,2016-09-21
2144,2016-09-22
2145,2016-09-23
2146,2016-09-24
2147,2016-09-25
2148,2016-09-26
2149,2016-09-27
2150,2016-09-28
2151,2016-09-29
2152,2016-09-30
2153,2016-10-01
2154,2016-10-02
2155,2016-10-03
2156,2016-10-04
2157,2016-10-06
2158,2016-10-07
2159,2016-10-08
2160,2016-10-09
2161,2016-10-10
2162,2016-10-11
2163,2016-10-12
2164,2016-10-13
2165,2016-10-14
2166,2016-10-15
2167,2016-10-16
2168,2016-10-17
2169,2016-10-18
2170,2016-10-19
2171,2016-10-20
2172,2016-10-21
2173,2016-10-23
2174,2016-10-24
2175,2016-10-25
2176,2016-10-26
2177,2016-10-27
2178,2016-10-28
2179,2016-10-29
2180,2016-10-30
2181,2016-10-31
2182,2016-11-01
2183,2016-11-02
2184,2016-11-03
2185,2016-11-04
2186,2016-11-05
2187,2016-11-06
2188,2016-11-07
2189,2016-11-08
2190,2016-11-09
2191,2016-11-10
2192,2016-11-11
2193,2016-11-12
2194,2016-11-13
2195,2016-11-14
2196,2016-11-15
2197,2016-11-17
2198,2016-11-18
2199,2016-11-20
2200,2016-11-21
2201,2016-11-23
2202,2016-11-24
2203,2016-11-25
2204,2016-11-26
2205,2016-11-27
2206,2016-11-28
2207,2016-11-29
2208,2016-11-30
2209,2016-12-01
2210,2016-12-02
2211,2016-12-03
2212,2016-12-04
2213,2016-12-05
2214,2016-12-07
2215,2016-12-08
2216,2016-12-09
2217,2016-12-11
2218,2016-12-12
2219,2016-12-13
2220,2016-12-14
2221,2016-12-15
2222,2016-12-17
2223,2016-12-18
2224,2016-12-19
2225,2016-12-20
2226,2016-12-21
2227,2016-12-22
2228,2016-12-23
2229,2016-12-24
2230,2016-12-25
2231,2016-12-26
2232,2016-12-27
2233,2016-12-28
2234,2016-12-29
2235,2016-12-30
2236,2016-12-31
2237,2017-01-02
2238,2017-01-03
2239,2017-01-04
2240,2017-01-05
2241,2017-01-06
2242,2017-01-07
2243,2017-01-08
2244,2017-01-09
2245,2017-01-11
2246,2017-01-12
2247,2017-01-13
2248,2017-01-14
2249,2017-01-15
2250,2017-01-16
2251,2017-01-17
2252,2017-01-18
2253,2017-01-20
2254,2017-01-21
2255,2017-01-22
2256,2017-01-23
2257,2017-01-24
2258,2017-01-25
2259,2017-01-26
2260,2017-01-27
2261,2017-01-28
2262,2017-01-29
2263,2017-01-30
2264,2017-01-31
2265,2017-02-02
2266,2017-02-03
2267,2017-02-04
2268,2017-02-05
2269,2017-02-06
2270,2017-02-07
2271,2017-02-08
2272,2017-02-09
2273,2017-02-12
2274,2017-02-13
2275,2017-02-14
2276,2017-02-15
2277,2017-02-16
2278,2017-02-17
2279,2017-02-18
2280,2017-02-19
2281,2017-02-20
2282,2017-02-21
2283,2017-02-22
2284,2017-02-23
2285,2017-02-24
2286,2017-02-26
2287,2017-02-27
2288,2017-02-28
2289,2017-03-01
2290,2017-03-02
2291,2017-03-03
2292,2017-03-04
2293,2017-03-05
2294,2017-03-06
2295,2017-03-07
2296,2017-03-08
2297,2017-03-09
2298,2017-03-10
2299,2017-03-11
2300,2017-03-12
2301,2017-03-13
2302,2017-03-14
2303,2017-03-15
2304,2017-03-16
2305,2017-03-17
2306,2017-03-18
2307,2017-03-19
2308,2017-03-20
2309,2017-03-21
2310,2017-03-22
2311,2017-03-24
2312,2017-03-25
2313,2017-03-27
2314,2017-03-28
2315,2017-03-29
2316,2017-03-30
2317,2017-03-31
2318,2017-04-02
2319,2017-04-03
2320,2017-04-04
2321,2017-04-05
2322,2017-04-06
2323,2017-04-07
2324,2017-04-08
2325,2017-04-09
2326,2017-04-10
2327,2017-04-11
2328,2017-04-12
2329,2017-04-13
2330,2017-04-14
2331,2017-04-15
2332,2017-04-16
2333,2017-04-17
2334,2017-04-18
2335,2017-04-19
2336,2017-04-21
2337,2017-04-22
2338,2017-04-23
2339,2017-04-25
2340,2017-04-26
2341,2017-04-27
2342,2017-04-28
2343,2017-04-29
2344,2017-04-30
2345,2017-05-01
2346,2017-05-02
2347,2017-05-04
2348,2017-05-05
2349,2017-05-06
2350,2017-05-07
2351,2017-05-08
2352,2017-05-09
2353,2017-05-10
2354,2017-05-11
2355,2017-05-12
2356,2017-05-13
2357,2017-05-14
2358,2017-05-15
2359,2017-05-16
2360,2017-05-17
2361,2017-05-18
2362,2017-05-19
2363,2017-05-20
2364,2017-05-22
2365,2017-05-25
2366,2017-05-26
2367,2017-05-27
2368,2017-05-28
2369,2017-05-29
2370,2017-05-30
2371,2017-05-31
2372,2017-06-01
2373,2017-06-02
2374,2017-06-03
2375,2017-06-04
2376,2017-06-05
2377,2017-06-06
2378,2017-06-07
2379,2017-06-08
2380,2017-06-09
2381,2017-06-10
2382,2017-06-11
2383,2017-06-12
2384,2017-06-13
2385,2017-06-14
2386,2017-06-15
2387,2017-06-16
2388,2017-06-17
2389,2017-06-18
2390,2017-06-20
2391,2017-06-24
2392,2017-06-26
2393,2017-06-28
2394,2017-06-29
2395,2017-06-30
2396,2017-07-01
2397,2017-07-02
2398,2017-07-03
2399,2017-07-04
2400,2017-07-05
2401,2017-07-06
2402,2017-07-07
2403,2017-07-08
2404,2017-07-09
2405,2017-07-10
2406,2017-07-11
2407,2017-07-12
2408,2017-07-13
2409,2017-07-14
2410,2017-07-15
2411,2017-07-16
2412,2017-07-17
2413,2017-07-18
2414,2017-07-19
2415,2017-07-20
2416,2017-07-21
2417,2017-07-22
2418,2017-07-23
2419,2017-07-24
2420,2017-07-25
2421,2017-07-26
2422,2017-07-27
2423,2017-07-28
2424,2017-07-30
2425,2017-08-02
2426,2017-08-03
2427,2017-08-04
2428,2017-08-05
2429,2017-08-06
2430,2017-08-07
2431,2017-08-08
2432,2017-08-09
2433,2017-08-10
2434,2017-08-12
2435,2017-08-13
2436,2017-08-14
2437,2017-08-15
2438,2017-08-16
2439,2017-08-17
2440,2017-08-18
2441,2017-08-22
2442,2017-08-23
2443,2017-08-24
2444,2017-08-25
2445,2017-08-26
2446,2017-08-27
2447,2017-08-28
2448,2017-08-30
2449,2017-08-31
2450,2017-09-01
2451,2017-09-02
2452,2017-09-03
2453,2017-09-04
2454,2017-09-05
2455,2017-09-06
2456,2017-09-07
2457,2017-09-08
2458,2017-09-09
2459,2017-09-10
2460,2017-09-11
2461,2017-09-12
2462,2017-09-13
2463,2017-09-14
2464,2017-09-15
2465,2017-09-17
2466,2017-09-18
2467,2017-09-19
2468,2017-09-20
2469,2017-09-21
2470,2017-09-22
2471,2017-09-23
2472,2017-09-24
2473,2017-09-25
2474,2017-09-26
2475,2017-09-27
2476,2017-09-28
2477,2017-09-29
2478,2017-09-30
2479,2017-10-01
2480,2017-10-02
2481,2017-10-03
2482,2017-10-05
2483,2017-10-06
2484,2017-10-07
2485,2017-10-08
2486,2017-10-09
2487,2017-10-10
2488,2017-10-11
2489,2017-10-12
2490,2017-10-13
2491,2017-10-14
2492,2017-10-15
2493,2017-10-16
2494,2017-10-17
2495,2017-10-19
2496,2017-10-20
2497,2017-10-21
2498,2017-10-22
2499,2017-10-23
2500,2017-10-24
2501,2017-10-25
2502,2017-10-26
2503,2017-10-27
2504,2017-10-28
2505,2017-10-29
2506,2017-10-30
2507,2017-10-31
2508,2017-11-01
2509,2017-11-03
2510,2017-11-04
2511,2017-11-05
2512,2017-11-06
2513,2017-11-07
2514,2017-11-08
2515,2017-11-10
2516,2017-11-11
2517,2017-11-13
2518,2017-11-14
2519,2017-11-16
2520,2017-11-17
2521,2017-11-18
2522,2017-11-19
2523,2017-11-20
2524,2017-11-21
2525,2017-11-22
2526,2017-11-23
2527,2017-11-24
2528,2017-11-25
2529,2017-11-26
2530,2017-11-27
2531,2017-11-29
2532,2017-11-30
2533,2017-12-01
2534,2017-12-02
2535,2017-12-03
2536,2017-12-05
2537,2017-12-06
2538,2017-12-08
2539,2017-12-09
2540,2017-12-10
2541,2017-12-11
2542,2017-12-12
2543,2017-12-13
2544,2017-12-14
2545,2017-12-15
2546,2017-12-16
2547,2017-12-19
2548,2017-12-20
2549,2017-12-21
2550,2017-12-22
2551,2017-12-24
2552,2017-12-26
2553,2017-12-27
2554,2017-12-28
2555,2017-12-29
2556,2017-12-31
2557,2018-01-01
2558,2018-01-04
2559,2018-01-05
2560,2018-01-06
2561,2018-01-07
2562,2018-01-08
2563,2018-01-09
2564,2018-01-10
2565,2018-01-13
2566,2018-01-14
2567,2018-01-15
2568,2018-01-17
2569,2018-01-18
2570,2018-01-19
2571,2018-01-20
2572,2018-01-21
2573,2018-01-22
2574,2018-01-23
2575,2018-01-24
2576,2018-01-25
2577,2018-01-26
2578,2018-01-27
2579,2018-01-28
2580,2018-01-29
2581,2018-01-30
2582,2018-01-31
2583,2018-02-01
2584,2018-02-02
2585,2018-02-03
2586,2018-02-04
2587,2018-02-05
2588,2018-02-06
2589,2018-02-07
2590,2018-02-08
2591,2018-02-09
2592,2018-02-10
2593,2018-02-11
2594,2018-02-12
2595,2018-02-13
2596,2018-02-14
2597,2018-02-15
2598,2018-02-17
2599,2018-02-18
2600,2018-02-19
2601,2018-02-20
2602,2018-02-21
2603,2018-02-22
2604,2018-02-23
2605,2018-02-24
2606,2018-02-25
2607,2018-02-26
2608,2018-02-28
2609,2018-03-01
2610,2018-03-02
2611,2018-03-03
2612,2018-03-04
2613,2018-03-05
2614,2018-03-06
2615,2018-03-07
2616,2018-03-08
2617,2018-03-09
2618,2018-03-10
2619,2018-03-11
2620,2018-03-12
2621,2018-03-13
2622,2018-03-14
2623,2018-03-15
2624,2018-03-16
2625,2018-03-19
2626,2018-03-20
2627,2018-03-22
2628,2018-03-23
2629,2018-03-24
2630,2018-03-25
2631,2018-03-26
2632,2018-03-27
2633,2018-03-28
2634,2018-03-29
2635,2018-03-30
2636,2018-03-31
2637,2018-04-01
2638,2018-04-02
2639,2018-04-03
2640,2018-04-04
2641,2018-04-05
2642,2018-04-06
2643,2018-04-07
2644,2018-04-08
2645,2018-04-09
2646,2018-04-10
2647,2018-04-12
2648,2018-04-14
2649,2018-04-15
2650,2018-04-16
2651,2018-04-17
2652,2018-04-18
2653,2018-04-19
2654,2018-04-20
2655,2018-04-21
2656,2018-04-22
2657,2018-04-24
2658,2018-04-25
2659,2018-04-26
2660,2018-04-27
2661,2018-04-28
2662,2018-04-29
2663,2018-04-30
2664,2018-05-01
2665,2018-05-02
2666,2018-05-03
2667,2018-05-05
2668,2018-05-07
2669,2018-05-08
2670,2018-05-11
2671,2018-05-12
2672,2018-05-13
2673,2018-05-14
2674,2018-05-15
2675,2018-05-16
2676,2018-05-17
2677,2018-05-18
2678,2018-05-19
2679,2018-05-20
2680,2018-05-22
2681,2018-05-23
2682,2018-05-25
2683,2018-05-26
2684,2018-05-27
2685,2018-05-28
2686,2018-05-29
2687,2018-05-30
2688,2018-05-31
2689,2018-06-01
2690,2018-06-03
2691,2018-06-04
2692,2018-06-05
2693,2018-06-06
2694,2018-06-07
2695,2018-06-09
2696,2018-06-11
2697,2018-06-12
2698,2018-06-13
2699,2018-06-14
2700,2018-06-15
2701,2018-06-16
2702,2018-06-18
2703,2018-06-19
2704,2018-06-20
2705,2018-06-21
2706,2018-06-22
2707,2018-06-23
2708,2018-06-24
2709,2018-06-25
2710,2018-06-26
2711,2018-06-27
2712,2018-06-28
2713,2018-06-29
2714,2018-07-01
2715,2018-07-02
2716,2018-07-03
2717,2018-07-04
2718,2018-07-06
2719,2018-07-08
2720,2018-07-09
2721,2018-07-11
2722,2018-07-12
2723,2018-07-13
2724,2018-07-16
2725,2018-07-17
2726,2018-07-18
2727,2018-07-20
2728,2018-07-21
2729,2018-07-22
2730,2018-07-23
2731,2018-07-24
2732,2018-07-28
2733,2018-07-29
2734,2018-07-30
2735,2018-07-31
2736,2018-08-01
2737,2018-08-02
2738,2018-08-03
2739,2018-08-04
2740,2018-08-05
2741,2018-08-07
2742,2018-08-08
2743,2018-08-09
2744,2018-08-10
2745,2018-08-13
2746,2018-08-14
2747,2018-08-15
2748,2018-08-16
2749,2018-08-17
2750,2018-08-19
2751,2018-08-20
2752,2018-08-21
2753,2018-08-22
2754,2018-08-23
2755,2018-08-24
2756,2018-08-25
2757,2018-08-26
2758,2018-08-27
2759,2018-08-29
2760,2018-08-30
2761,2018-08-31
2762,2018-09-02
2763,2018-09-03
2764,2018-09-04
2765,2018-09-05
2766,2018-09-06
2767,2018-09-07
2768,2018-09-08
2769,2018-09-10
2770,2018-09-11
2771,2018-09-12
2772,2018-09-13
2773,2018-09-14
2774,2018-09-15
2775,2018-09-17
2776,2018-09-19
2777,2018-09-20
2778,2018-09-21
2779,2018-09-22
2780,2018-09-23
2781,2018-09-24
2782,2018-09-25
2783,2018-09-26
2784,2018-09-27
2785,2018-09-28
2786,2018-09-29
2787,2018-09-30
2788,2018-10-03
2789,2018-10-04
2790,2018-10-05
2791,2018-10-06
2792,2018-10-07
2793,2018-10-08
2794,2018-10-09
2795,2018-10-10
2796,2018-10-11
2797,2018-10-12
2798,2018-10-13
2799,2018-10-14
2800,2018-10-15
2801,2018-10-16
2802,2018-10-17
2803,2018-10-18
2804,2018-10-19
2805,2018-10-22
2806,2018-10-23
2807,2018-10-24
2808,2018-10-25
2809,2018-10-27
2810,2018-10-28
2811,2018-10-31
2812,2018-11-02
2813,2018-11-03
2814,2018-11-04
2815,2018-11-05
2816,2018-11-08
2817,2018-11-09
2818,2018-11-10
2819,2018-11-12
2820,2018-11-13
2821,2018-11-14
2822,2018-11-15
2823,2018-11-16
2824,2018-11-17
2825,2018-11-20
2826,2018-11-21
2827,2018-11-23
2828,2018-11-24
2829,2018-11-25
2830,2018-11-26
2831,2018-11-27
2832,2018-11-28
2833,2018-11-29
2834,2018-11-30
2835,2018-12-01
2836,2018-12-02
2837,2018-12-03
2838,2018-12-04
2839,2018-12-06
2840,2018-12-07
2841,2018-12-08
2842,2018-12-09
2843,2018-12-10
2844,2018-12-11
2845,2018-12-12
2846,2018-12-13
2847,2018-12-14
2848,2018-12-16
2849,2018-12-17
2850,2018-12-18
2851,2018-12-19
2852,2018-12-20
2853,2018-12-21
2854,2018-12-22
2855,2018-12-23
2856,2018-12-24
2857,2018-12-25
2858,2018-12-26
2859,2018-12-27
2860,2018-12-28
2861,2018-12-29
2862,2018-12-30
2863,2018-12-31
2864,2019-01-01
2865,2019-01-02
2866,2019-01-03
2867,2019-01-04
2868,2019-01-07
2869,2019-01-08
2870,2019-01-09
2871,2019-01-10
2872,2019-01-11
2873,2019-01-12
2874,2019-01-13
2875,2019-01-14
2876,2019-01-15
2877,2019-01-16
2878,2019-01-17
2879,2019-01-18
2880,2019-01-19
2881,2019-01-20
2882,2019-01-21
2883,2019-01-22
2884,2019-01-23
2885,2019-01-24
2886,2019-01-26
2887,2019-01-27
2888,2019-01-28
2889,2019-01-29
2890,2019-01-30
2891,2019-01-31
2892,2019-02-01
2893,2019-02-02
2894,2019-02-03
2895,2019-02-04
2896,2019-02-05
2897,2019-02-06
2898,2019-02-07
2899,2019-02-08
2900,2019-02-09
2901,2019-02-11
2902,2019-02-12
2903,2019-02-13
2904,2019-02-14
2905,2019-02-15
2906,2019-02-16
2907,2019-02-17
2908,2019-02-18
2909,2019-02-19
2910,2019-02-20
2911,2019-02-21
2912,2019-02-23
2913,2019-02-24
2914,2019-02-27
2915,2019-02-28
2916,2019-03-01
2917,2019-03-02
2918,2019-03-03
2919,2019-03-04
2920,2019-03-06
2921,2019-03-07
2922,2019-03-08
2923,2019-03-09
2924,2019-03-10
2925,2019-03-11
2926,2019-03-12
2927,2019-03-13
2928,2019-03-14
2929,2019-03-16
2930,2019-03-19
2931,2019-03-20
2932,2019-03-21
2933,2019-03-22
2934,2019-03-23
2935,2019-03-24
2936,2019-03-25
2937,2019-03-26
2938,2019-03-27
2939,2019-03-28
2940,2019-03-29
2941,2019-03-30
2942,2019-04-01
2943,2019-04-02
2944,2019-04-03
2945,2019-04-04
2946,2019-04-05
2947,2019-04-07
2948,2019-04-08
2949,2019-04-09
2950,2019-04-10
2951,2019-04-11
2952,2019-04-14
2953,2019-04-15
2954,2019-04-16
2955,2019-04-17
2956,2019-04-18
2957,2019-04-19
2958,2019-04-20
2959,2019-04-21
2960,2019-04-22
2961,2019-04-23
2962,2019-04-24
2963,2019-04-25
2964,2019-04-26
2965,2019-04-27
2966,2019-04-29
2967,2019-04-30
2968,2019-05-01
2969,2019-05-02
2970,2019-05-03
2971,2019-05-04
2972,2019-05-05
2973,2019-05-06
2974,2019-05-07
2975,2019-05-08
2976,2019-05-09
2977,2019-05-10
2978,2019-05-11
2979,2019-05-12
2980,2019-05-13
2981,2019-05-14
2982,2019-05-15
2983,2019-05-16
2984,2019-05-17
2985,2019-05-18
2986,2019-05-20
2987,2019-05-22
2988,2019-05-23
2989,2019-05-24
2990,2019-05-25
2991,2019-05-26
2992,2019-05-27
2993,2019-05-28
2994,2019-05-29
2995,2019-05-30
2996,2019-05-31
2997,2019-06-01
2998,2019-06-02
2999,2019-06-03
3000,2019-06-04
3001,2019-06-05
3002,2019-06-06
3003,2019-06-07
3004,2019-06-08
3005,2019-06-09
3006,2019-06-10
3007,2019-06-11
3008,2019-06-12
3009,2019-06-13
3010,2019-06-14
3011,2019-06-15
3012,2019-06-16
3013,2019-06-17
3014,2019-06-18
3015,2019-06-19
3016,2019-06-20
3017,2019-06-21
3018,2019-06-22
3019,2019-06-23
3020,2019-06-24
3021,2019-06-27
3022,2019-06-28
3023,2019-06-29
3024,2019-07-01
3025,2019-07-02
3026,2019-07-03
3027,2019-07-04
3028,2019-07-06
3029,2019-07-07
3030,2019-07-09
3031,2019-07-10
3032,2019-07-11
3033,2019-07-12
3034,2019-07-13
3035,2019-07-14
3036,2019-07-15
3037,2019-07-16
3038,2019-07-17
3039,2019-07-18
3040,2019-07-20
3041,2019-07-22
3042,2019-07-23
3043,2019-07-24
3044,2019-07-26
3045,2019-07-27
3046,2019-07-28
3047,2019-07-29
3048,2019-07-30
3049,2019-07-31
3050,2019-08-01
3051,2019-08-02
3052,2019-08-03
3053,2019-08-04
3054,2019-08-05
3055,2019-08-06
3056,2019-08-07
3057,2019-08-08
3058,2019-08-09
3059,2019-08-10
3060,2019-08-12
3061,2019-08-13
3062,2019-08-14
3063,2019-08-15
3064,2019-08-16
3065,2019-08-17
3066,2019-08-18
3067,2019-08-19
3068,2019-08-21
3069,2019-08-22
3070,2019-08-23
3071,2019-08-24
3072,2019-08-25
3073,2019-08-27
3074,2019-08-28
3075,2019-08-29
3076,2019-08-30
3077,2019-08-31
3078,2019-09-01
3079,2019-09-02
3080,2019-09-03
3081,2019-09-05
3082,2019-09-06
3083,2019-09-07
3084,2019-09-08
3085,2019-09-09
3086,2019-09-10
3087,2019-09-11
3088,2019-09-12
3089,2019-09-13
3090,2019-09-14
3091,2019-09-15
3092,2019-09-16
3093,2019-09-19
3094,2019-09-21
3095,2019-09-22
3096,2019-09-23
3097,2019-09-24
3098,2019-09-25
3099,2019-09-26
3100,2019-09-27
3101,2019-09-29
3102,2019-10-01
3103,2019-10-02
3104,2019-10-03
3105,2019-10-04
3106,2019-10-05
3107,2019-10-06
3108,2019-10-07
3109,2019-10-08
3110,2019-10-09
3111,2019-10-11
3112,2019-10-12
3113,2019-10-13
3114,2019-10-14
3115,2019-10-15
3116,2019-10-16
3117,2019-10-17
3118,2019-10-18
3119,2019-10-19
3120,2019-10-20
3121,2019-10-21
3122,2019-10-22
3123,2019-10-23
3124,2019-10-24
3125,2019-10-25
3126,2019-10-26
3127,2019-10-27
3128,2019-10-29
3129,2019-10-30
3130,2019-10-31
3131,2019-11-01
3132,2019-11-02
3133,2019-11-03
3134,2019-11-04
3135,2019-11-05
3136,2019-11-06
3137,2019-11-08
3138,2019-11-09
3139,2019-11-10
3140,2019-11-11
3141,2019-11-12
3142,2019-11-13
3143,2019-11-14
3144,2019-11-15
3145,2019-11-16
3146,2019-11-17
3147,2019-11-18
3148,2019-11-19
3149,2019-11-20
3150,2019-11-21
3151,2019-11-22
3152,2019-11-23
3153,2019-11-24
3154,2019-11-26
3155,2019-11-27
3156,2019-11-28
3157,2019-11-29
3158,2019-11-30
3159,2019-12-01
3160,2019-12-03
3161,2019-12-04
3162,2019-12-05
3163,2019-12-08
3164,2019-12-09
3165,2019-12-10
3166,2019-12-11
3167,2019-12-13
3168,2019-12-14
3169,2019-12-15
3170,2019-12-16
3171,2019-12-17
3172,2019-12-18
3173,2019-12-19
3174,2019-12-20
3175,2019-12-21
3176,2019-12-23
3177,2019-12-24
3178,2019-12-25
3179,2019-12-27
3180,2019-12-28
3181,2019-12-29
3182,2019-12-30
3183,2019-12-31
3184,2020-01-02
3185,2020-01-03
3186,2020-01-05
3187,2020-01-08
3188,2020-01-09
3189,2020-01-10
3190,2020-01-11
3191,2020-01-12
3192,2020-01-14
3193,2020-01-16
3194,2020-01-17
3195,2020-01-18
3196,2020-01-20
3197,2020-01-22
3198,2020-01-24
3199,2020-01-25
3200,2020-01-26
3201,2020-01-27
3202,2020-01-28
3203,2020-01-29
3204,2020-01-30
3205,2020-02-01
3206,2020-02-02
3207,2020-02-03
3208,2020-02-05
3209,2020-02-06
3210,2020-02-08
3211,2020-02-09
3212,2020-02-11
3213,2020-02-13
3214,2020-02-14
3215,2020-02-15
3216,2020-02-16
3217,2020-02-18
3218,2020-02-19
3219,2020-02-21
3220,2020-02-22
3221,2020-02-23
3222,2020-02-24
3223,2020-02-25
3224,2020-02-26
3225,2020-02-27
3226,2020-02-28
3227,2020-02-29
3228,2020-03-01
3229,2020-03-03
3230,2020-03-04
3231,2020-03-05
3232,2020-03-06
3233,2020-03-08
3234,2020-03-09
3235,2020-03-10
3236,2020-03-11
3237,2020-03-12
3238,2020-03-13
3239,2020-03-15
3240,2020-03-16
3241,2020-03-17
3242,2020-03-18
3243,2020-03-19
3244,2020-03-20
3245,2020-03-21
3246,2020-03-22
3247,2020-03-23
3248,2020-03-24
3249,2020-03-25
3250,2020-03-26
3251,2020-03-27
3252,2020-03-28
3253,2020-03-29
3254,2020-03-30
3255,2020-03-31
3256,2020-04-01
3257,2020-04-02
3258,2020-04-03
3259,2020-04-04
3260,2020-04-05
3261,2020-04-06
3262,2020-04-07
3263,2020-04-08
3264,2020-04-11
3265,2020-04-13
3266,2020-04-14
3267,2020-04-15
3268,2020-04-16
3269,2020-04-17
3270,2020-04-19
3271,2020-04-21
3272,2020-04-22
3273,2020-04-23
3274,2020-04-24
3275,2020-04-25
3276,2020-04-26
3277,2020-04-28
3278,2020-04-29
3279,2020-04-30
3280,2020-05-01
3281,2020-05-02
3282,2020-05-03
3283,2020-05-04
3284,2020-05-05
3285,2020-05-06
3286,2020-05-07
3287,2020-05-08
3288,2020-05-09
3289,2020-05-10
3290,2020-05-11
3291,2020-05-13
3292,2020-05-14
3293,2020-05-15
3294,2020-05-16
3295,2020-05-17
3296,2020-05-18
3297,2020-05-19
3298,2020-05-20
3299,2020-05-22
3300,2020-05-23
3301,2020-05-24
3302,2020-05-25
3303,2020-05-26
3304,2020-05-28
3305,2020-05-29
3306,2020-05-30
3307,2020-05-31
3308,2020-06-02
3309,2020-06-04
3310,2020-06-05
3311,2020-06-06
3312,2020-06-07
3313,2020-06-08
3314,2020-06-10
3315,2020-06-11
3316,2020-06-12
3317,2020-06-13
3318,2020-06-14
3319,2020-06-15
3320,2020-06-16
3321,2020-06-17
3322,2020-06-18
3323,2020-06-19
3324,2020-06-20
3325,2020-06-22
3326,2020-06-23
3327,2020-06-25
3328,2020-06-26
3329,2020-06-27
3330,2020-06-29
3331,2020-07-01
3332,2020-07-02
3333,2020-07-03
3334,2020-07-04
3335,2020-07-05
3336,2020-07-08
3337,2020-07-09
3338,2020-07-10
3339,2020-07-12
3340,2020-07-13
3341,2020-07-14
3342,2020-07-15
3343,2020-07-16
3344,2020-07-17
3345,2020-07-19
3346,2020-07-20
3347,2020-07-21
3348,2020-07-22
3349,2020-07-23
3350,2020-07-25
3351,2020-07-26
3352,2020-07-27
3353,2020-07-28
3354,2020-07-29
3355,2020-07-30
3356,2020-07-31
3357,2020-08-01
3358,2020-08-02
3359,2020-08-04
3360,2020-08-05
3361,2020-08-06
3362,2020-08-07
3363,2020-08-08
3364,2020-08-09
3365,2020-08-11
3366,2020-08-12
3367,2020-08-13
3368,2020-08-15
3369,2020-08-16
3370,2020-08-17
3371,2020-08-18
3372,2020-08-19
3373,2020-08-20
3374,2020-08-21
3375,2020-08-22
3376,2020-08-23
3377,2020-08-24
3378,2020-08-25
3379,2020-08-26
3380,2020-08-27
3381,2020-08-29
3382,2020-08-30
3383,2020-09-01
3384,2020-09-02
3385,2020-09-03
3386,2020-09-04
3387,2020-09-05
3388,2020-09-06
3389,2020-09-08
3390,2020-09-09
3391,2020-09-10
3392,2020-09-11
3393,2020-09-12
3394,2020-09-13
3395,2020-09-15
3396,2020-09-16
3397,2020-09-18
3398,2020-09-19
3399,2020-09-20
3400,2020-09-21
3401,2020-09-22
3402,2020-09-23
3403,2020-09-24
3404,2020-09-25
3405,2020-09-26
3406,2020-09-28
3407,2020-09-29
3408,2020-10-01
3409,2020-10-04
3410,2020-10-05
3411,2020-10-06
3412,2020-10-07
3413,2020-10-08
3414,2020-10-09
3415,2020-10-11
3416,2020-10-12
3417,2020-10-13
3418,2020-10-14
3419,2020-10-15
3420,2020-10-16
3421,2020-10-17
3422,2020-10-18
3423,2020-10-19
3424,2020-10-21
3425,2020-10-22
3426,2020-10-23
3427,2020-10-24
3428,2020-10-26
3429,2020-10-27
3430,2020-10-28
3431,2020-10-29
3432,2020-10-30
3433,2020-10-31
3434,2020-11-01
3435,2020-11-02
3436,2020-11-03
3437,2020-11-04
3438,2020-11-06
3439,2020-11-07
3440,2020-11-08
3441,2020-11-09
3442,2020-11-10
3443,2020-11-12
3444,2020-11-14
3445,2020-11-16
3446,2020-11-17
3447,2020-11-18
3448,2020-11-19
3449,2020-11-20
3450,2020-11-21
3451,2020-11-22
3452,2020-11-24
3453,2020-11-25
3454,2020-11-26
3455,2020-11-27
3456,2020-11-29
3457,2020-12-01
3458,2020-12-02
3459,2020-12-03
3460,2020-12-05
3461,2020-12-08
3462,2020-12-09
3463,2020-12-10
3464,2020-12-11
3465,2020-12-12
3466,2020-12-13
3467,2020-12-14
3468,2020-12-15
3469,2020-12-16
3470,2020-12-17
3471,2020-12-18
3472,2020-12-19
3473,2020-12-21
3474,2020-12-22
3475,2020-12-23
3476,2020-12-24
3477,2020-12-25
3478,2020-12-26
3479,2020-12-28
3480,2020-12-29
3481,2020-12-30
3482,2020-12-31
3483,2021-01-01
3484,2021-01-02
3485,2021-01-03
3486,2021-01-04
3487,2021-01-05
3488,2021-01-06
3489,2021-01-07
3490,2021-01-08
3491,2021-01-09
3492,2021-01-10
3493,2021-01-11
3494,2021-01-12
3495,2021-01-13
3496,2021-01-16
3497,2021-01-20
3498,2021-01-21
3499,2021-01-22
3500,2021-01-23
3501,2021-01-25
3502,2021-01-26
3503,2021-01-27
3504,2021-01-28
3505,2021-01-29
3506,2021-01-30
3507,2021-01-31
3508,2021-02-01
3509,2021-02-04
3510,2021-02-05
3511,2021-02-06
3512,2021-02-07
3513,2021-02-08
3514,2021-02-09
3515,2021-02-10
3516,2021-02-11
3517,2021-02-12
3518,2021-02-13
3519,2021-02-14
3520,2021-02-15
3521,2021-02-16
3522,2021-02-17
3523,2021-02-18
3524,2021-02-19
3525,2021-02-20
3526,2021-02-21
3527,2021-02-22
3528,2021-02-23
3529,2021-02-24
3530,2021-02-26
3531,2021-02-27
3532,2021-02-28
3533,2021-03-01
3534,2021-03-02
3535,2021-03-03
3536,2021-03-04
3537,2021-03-05
3538,2021-03-06
3539,2021-03-07
3540,2021-03-10
3541,2021-03-11
3542,2021-03-12
3543,2021-03-13
3544,2021-03-14
3545,2021-03-15
3546,2021-03-16
3547,2021-03-18
3548,2021-03-19
3549,2021-03-20
3550,2021-03-22
3551,2021-03-23
3552,2021-03-24
3553,2021-03-26
3554,2021-03-27
3555,2021-03-28
3556,2021-03-29
3557,2021-04-01
3558,2021-04-02
3559,2021-04-04
3560,2021-04-05
3561,2021-04-06
3562,2021-04-07
3563,2021-04-08
3564,2021-04-09
3565,2021-04-10
3566,2021-04-11
3567,2021-04-12
3568,2021-04-14
3569,2021-04-15
3570,2021-04-16
3571,2021-04-17
3572,2021-04-18
3573,2021-04-19
3574,2021-04-20
3575,2021-04-21
3576,2021-04-22
3577,2021-04-23
3578,2021-04-24
3579,2021-04-25
3580,2021-04-26
3581,2021-04-27
3582,2021-04-28
3583,2021-04-29
3584,2021-04-30
3585,2021-05-01
3586,2021-05-02
3587,2021-05-03
3588,2021-05-05
3589,2021-05-06
3590,2021-05-07
3591,2021-05-08
3592,2021-05-09
3593,2021-05-10
3594,2021-05-11
3595,2021-05-12
3596,2021-05-13
3597,2021-05-16
3598,2021-05-17
3599,2021-05-18
3600,2021-05-19
3601,2021-05-21
3602,2021-05-22
3603,2021-05-23
3604,2021-05-24
3605,2021-05-25
3606,2021-05-26
3607,2021-05-27
3608,2021-05-28
3609,2021-05-29
3610,2021-05-31
3611,2021-06-01
3612,2021-06-02
3613,2021-06-03
3614,2021-06-04
3615,2021-06-06
3616,2021-06-07
3617,2021-06-08
3618,2021-06-09
3619,2021-06-10
3620,2021-06-11
3621,2021-06-12
3622,2021-06-13
3623,2021-06-16
3624,2021-06-17
3625,2021-06-18
3626,2021-06-20
3627,2021-06-23
3628,2021-06-24
3629,2021-06-25
3630,2021-06-26
3631,2021-06-28
3632,2021-06-29
3633,2021-06-30
3634,2021-07-01
3635,2021-07-02
3636,2021-07-03
3637,2021-07-04
3638,2021-07-05
3639,2021-07-07
3640,2021-07-08
3641,2021-07-09
3642,2021-07-10
3643,2021-07-11
3644,2021-07-12
3645,2021-07-13
3646,2021-07-14
3647,2021-07-16
3648,2021-07-17
3649,2021-07-19
3650,2021-07-20
3651,2021-07-21
3652,2021-07-22
3653,2021-07-23
3654,2021-07-24
3655,2021-07-25
3656,2021-07-26
3657,2021-07-27
3658,2021-07-30
3659,2021-07-31
3660,2021-08-01
3661,2021-08-02
3662,2021-08-03
3663,2021-08-04
3664,2021-08-05
3665,2021-08-06
3666,2021-08-07
3667,2021-08-08
3668,2021-08-09
3669,2021-08-10
3670,2021-08-11
3671,2021-08-12
3672,2021-08-13
3673,2021-08-14
3674,2021-08-15
3675,2021-08-16
3676,2021-08-17
3677,2021-08-18
3678,2021-08-19
3679,2021-08-20
3680,2021-08-21
3681,2021-08-22
3682,2021-08-24
3683,2021-08-25
3684,2021-08-26
3685,2021-08-27
3686,2021-08-28
3687,2021-08-29
3688,2021-08-30
3689,2021-08-31
3690,2021-09-01
3691,2021-09-03
3692,2021-09-04
3693,2021-09-05
3694,2021-09-06
3695,2021-09-07
3696,2021-09-08
3697,2021-09-09
3698,2021-09-10
3699,2021-09-11
3700,2021-09-12
3701,2021-09-14
3702,2021-09-15
3703,2021-09-17
3704,2021-09-18
3705,2021-09-19
3706,2021-09-20
3707,2021-09-21
3708,2021-09-22
3709,2021-09-23
3710,2021-09-24
3711,2021-09-25
3712,2021-09-26
3713,2021-09-27
3714,2021-09-28
3715,2021-09-29
3716,2021-10-01
3717,2021-10-02
3718,2021-10-03
3719,2021-10-04
3720,2021-10-05
3721,2021-10-06
3722,2021-10-07
3723,2021-10-08
3724,2021-10-10
3725,2021-10-11
3726,2021-10-12
3727,2021-10-13
3728,2021-10-14
3729,2021-10-15
3730,2021-10-16
3731,2021-10-18
3732,2021-10-20
3733,2021-10-21
3734,2021-10-22
3735,2021-10-23
3736,2021-10-24
3737,2021-10-25
3738,2021-10-26
3739,2021-10-27
3740,2021-10-28
3741,2021-10-29
3742,2021-10-30
3743,2021-11-01
3744,2021-11-02
3745,2021-11-03
3746,2021-11-04
3747,2021-11-05
3748,2021-11-07
3749,2021-11-08
3750,2021-11-09
3751,2021-11-10
3752,2021-11-11
3753,2021-11-12
3754,2021-11-13
3755,2021-11-14
3756,2021-11-15
3757,2021-11-16
3758,2021-11-17
3759,2021-11-18
3760,2021-11-19
3761,2021-11-20
3762,2021-11-21
3763,2021-11-22
3764,2021-11-25
3765,2021-11-27
3766,2021-11-28
3767,2021-11-29
3768,2021-11-30
3769,2021-12-01
3770,2021-12-03
3771,2021-12-04
3772,2021-12-05
3773,2021-12-06
3774,2021-12-07
3775,2021-12-08
3776,2021-12-10
3777,2021-12-11
3778,2021-12-12
3779,2021-12-14
3780,2021-12-15
3781,2021-12-16
3782,2021-12-17
3783,2021-12-18
3784,2021-12-19
3785,2021-12-20
3786,2021-12-21
3787,2021-12-22
3788,2021-12-23
3789,2021-12-25
3790,2021-12-26
3791,2021-12-27
3792,2021-12-28
3793,2021-12-29
3794,2021-12-30
3795,2021-12-31
3796,2022-01-01
3797,2022-01-02
3798,2022-01-03
3799,2022-01-04
3800,2022-01-05
3801,2022-01-06
3802,2022-01-07
3803,2022-01-08
3804,2022-01-09
3805,2022-01-10
3806,2022-01-12
3807,2022-01-13
3808,2022-01-14
3809,2022-01-15
3810,2022-01-16
3811,2022-01-17
3812,2022-01-18
3813,2022-01-19
3814,2022-01-21
3815,2022-01-23
3816,2022-01-24
3817,2022-01-25
3818,2022-01-26
3819,2022-01-27
3820,2022-01-28
3821,2022-01-29
3822,2022-01-30
3823,2022-01-31
3824,2022-02-01
3825,2022-02-02
3826,2022-02-03
3827,2022-02-04
3828,2022-02-05
3829,2022-02-06
3830,2022-02-07
3831,2022-02-08
3832,2022-02-09
3833,2022-02-10
3834,2022-02-11
3835,2022-02-12
3836,2022-02-13
3837,2022-02-14
3838,2022-02-15
3839,2022-02-16
3840,2022-02-17
3841,2022-02-18
3842,2022-02-19
3843,2022-02-20
3844,2022-02-21
3845,2022-02-22
3846,2022-02-23
3847,2022-02-24
3848,2022-02-25
3849,2022-02-26
3850,2022-02-27
3851,2022-02-28
3852,2022-03-01
3853,2022-03-02
3854,2022-03-03
3855,2022-03-04
3856,2022-03-05
3857,2022-03-06
3858,2022-03-08
3859,2022-03-09
3860,2022-03-10
3861,2022-03-13
3862,2022-03-15
3863,2022-03-16
3864,2022-03-17
3865,2022-03-18
3866,2022-03-19
3867,2022-03-20
3868,2022-03-22
3869,2022-03-23
3870,2022-03-24
3871,2022-03-25
3872,2022-03-26
3873,2022-03-28
3874,2022-03-30
3875,2022-04-01
3876,2022-04-02
3877,2022-04-03
3878,2022-04-04
3879,2022-04-06
3880,2022-04-07
3881,2022-04-08
3882,2022-04-09
3883,2022-04-11
3884,2022-04-13
3885,2022-04-14
3886,2022-04-15
3887,2022-04-16
3888,2022-04-17
3889,2022-04-19
3890,2022-04-20
3891,2022-04-21
3892,2022-04-22
3893,2022-04-23
3894,2022-04-24
3895,2022-04-25
3896,2022-04-26
3897,2022-04-28
3898,2022-04-30
3899,2022-05-01
3900,2022-05-03
3901,2022-05-04
3902,2022-05-05
3903,2022-05-06
3904,2022-05-07
3905,2022-05-08
3906,2022-05-09
3907,2022-05-10
3908,2022-05-11
3909,2022-05-12
3910,2022-05-13
3911,2022-05-14
3912,2022-05-15
3913,2022-05-17
3914,2022-05-18
3915,2022-05-19
3916,2022-05-20
3917,2022-05-22
3918,2022-05-23
3919,2022-05-24
3920,2022-05-25
3921,2022-05-26
3922,2022-05-27
3923,2022-05-28
3924,2022-05-30
3925,2022-05-31
3926,2022-06-02
3927,2022-06-03
3928,2022-06-04
3929,2022-06-06
3930,2022-06-08
3931,2022-06-09
3932,2022-06-10
3933,2022-06-13
3934,2022-06-14
3935,2022-06-15
3936,2022-06-17
3937,2022-06-19
3938,2022-06-20
3939,2022-06-21
3940,2022-06-23
3941,2022-06-24
3942,2022-06-25
3943,2022-06-27
3944,2022-06-28
3945,2022-06-29
3946,2022-06-30
3947,2022-07-01
3948,2022-07-02
3949,2022-07-04
3950,2022-07-05
3951,2022-07-06
3952,2022-07-07
3953,2022-07-09
3954,2022-07-10
3955,2022-07-11
3956,2022-07-12
3957,2022-07-14
3958,2022-07-15
3959,2022-07-16
3960,2022-07-17
3961,2022-07-18
3962,2022-07-19
3963,2022-07-20
3964,2022-07-21
3965,2022-07-22
3966,2022-07-24
3967,2022-07-25
3968,2022-07-26
3969,2022-07-28
3970,2022-07-29
3971,2022-07-30
3972,2022-07-31
3973,2022-08-01
3974,2022-08-02
3975,2022-08-03
3976,2022-08-04
3977,2022-08-05
3978,2022-08-06
3979,2022-08-07
3980,2022-08-08
3981,2022-08-09
3982,2022-08-10
3983,2022-08-11
3984,2022-08-12
3985,2022-08-13
3986,2022-08-14
3987,2022-08-15
3988,2022-08-16
3989,2022-08-17
3990,2022-08-19
3991,2022-08-20
3992,2022-08-22
3993,2022-08-23
3994,2022-08-24
3995,2022-08-25
3996,2022-08-26
3997,2022-08-27
3998,2022-08-28
3999,2022-08-29
4000,2022-08-30
4001,2022-08-31
4002,2022-09-01
4003,2022-09-02
4004,2022-09-03
4005,2022-09-04
4006,2022-09-05
4007,2022-09-06
4008,2022-09-07
4009,2022-09-08
4010,2022-09-09
4011,2022-09-10
4012,2022-09-11
4013,2022-09-12
4014,2022-09-13
4015,2022-09-14
4016,2022-09-15
4017,2022-09-16
4018,2022-09-17
4019,2022-09-18
4020,2022-09-19
4021,2022-09-21
4022,2022-09-22
4023,2022-09-23
4024,2022-09-24
4025,2022-09-25
4026,2022-09-26
4027,2022-09-27
4028,2022-09-29
4029,2022-09-30
4030,2022-10-01
4031,2022-10-02
4032,2022-10-03
4033,2022-10-04
4034,2022-10-05
4035,2022-10-06
4036,2022-10-07
4037,2022-10-08
4038,2022-10-09
4039,2022-10-10
4040,2022-10-11
4041,2022-10-12
4042,2022-10-13
4043,2022-10-14
4044,2022-10-15
4045,2022-10-16
4046,2022-10-19
4047,2022-10-20
4048,2022-10-22
4049,2022-10-25
4050,2022-10-26
4051,2022-10-27
4052,2022-10-28
4053,2022-10-29
4054,2022-11-01
4055,2022-11-02
4056,2022-11-03
4057,2022-11-05
4058,2022-11-06
4059,2022-11-07
4060,2022-11-08
4061,2022-11-09
4062,2022-11-11
4063,2022-11-12
4064,2022-11-14
4065,2022-11-15
4066,2022-11-16
4067,2022-11-17
4068,2022-11-18
4069,2022-11-19
4070,2022-11-20
4071,2022-11-21
4072,2022-11-22
4073,2022-11-23
4074,2022-11-24
4075,2022-11-25
4076,2022-11-26
4077,2022-11-27
4078,2022-11-28
4079,2022-11-29
4080,2022-11-30
4081,2022-12-01
4082,2022-12-02
4083,2022-12-03
4084,2022-12-04
4085,2022-12-05
4086,2022-12-06
4087,2022-12-07
4088,2022-12-10
4089,2022-12-11
4090,2022-12-13
4091,2022-12-15
4092,2022-12-16
4093,2022-12-17
4094,2022-12-18
4095,2022-12-19
4096,2022-12-20
4097,2022-12-21
4098,2022-12-23
4099,2022-12-24
4100,2022-12-25
4101,2022-12-26
4102,2022-12-27
4103,2022-12-28
4104,2022-12-29
4105,2022-12-30
4106,2022-12-31
4107,2023-01-01
4108,2023-01-02
4109,2023-01-03
4110,2023-01-04
4111,2023-01-05
4112,2023-01-06
4113,2023-01-07
4114,2023-01-08
4115,2023-01-09
4116,2023-01-10
4117,2023-01-11
4118,2023-01-12
4119,2023-01-13
4120,2023-01-14
4121,2023-01-16
4122,2023-01-17
4123,2023-01-18
4124,2023-01-19
4125,2023-01-20
4126,2023-01-21
4127,2023-01-22
4128,2023-01-23
4129,2023-01-24
4130,2023-01-25
4131,2023-01-26
4132,2023-01-27
4133,2023-01-28
4134,2023-01-29
4135,2023-01-30
4136,2023-02-01
4137,2023-02-02
4138,2023-02-03
4139,2023-02-04
4140,2023-02-05
4141,2023-02-06
4142,2023-02-07
4143,2023-02-08
4144,2023-02-09
4145,2023-02-10
4146,2023-02-11
4147,2023-02-12
4148,2023-02-13
4149,2023-02-14
4150,2023-02-15
4151,2023-02-17
4152,2023-02-18
4153,2023-02-19
4154,2023-02-20
4155,2023-02-21
4156,2023-02-23
4157,2023-02-24
4158,2023-02-25
4159,2023-02-26
4160,2023-02-28
4161,2023-03-01
4162,2023-03-02
4163,2023-03-03
4164,2023-03-04
4165,2023-03-05
4166,2023-03-06
4167,2023-03-07
4168,2023-03-08
4169,2023-03-09
4170,2023-03-10
4171,2023-03-11
4172,2023-03-13
4173,2023-03-14
4174,2023-03-16
4175,2023-03-17
4176,2023-03-19
4177,2023-03-20
4178,2023-03-21
4179,2023-03-22
4180,2023-03-23
4181,2023-03-24
4182,2023-03-25
4183,2023-03-26
4184,2023-03-27
4185,2023-03-28
4186,2023-03-30
4187,2023-03-31
4188,2023-04-02
4189,2023-04-03
4190,2023-04-04
4191,2023-04-05
4192,2023-04-06
4193,2023-04-08
4194,2023-04-09
4195,2023-04-10
4196,2023-04-11
4197,2023-04-12
4198,2023-04-13
4199,2023-04-14
4200,2023-04-15
4201,2023-04-16
4202,2023-04-18
4203,2023-04-19
4204,2023-04-20
4205,2023-04-21
4206,2023-04-22
4207,2023-04-23
4208,2023-04-24
4209,2023-04-25
4210,2023-04-26
4211,2023-04-27
4212,2023-04-28
4213,2023-04-29
4214,2023-05-01
4215,2023-05-02
4216,2023-05-03
4217,2023-05-04
4218,2023-05-06
4219,2023-05-07
4220,2023-05-09
4221,2023-05-10
4222,2023-05-11
4223,2023-05-13
4224,2023-05-14
4225,2023-05-15
4226,2023-05-16
4227,2023-05-17
4228,2023-05-18
4229,2023-05-19
4230,2023-05-20
4231,2023-05-21
4232,2023-05-22
4233,2023-05-23
4234,2023-05-24
4235,2023-05-25
4236,2023-05-26
4237,2023-05-27
4238,2023-05-30
4239,2023-06-01
4240,2023-06-02
4241,2023-06-04
4242,2023-06-05
4243,2023-06-06
4244,2023-06-07
4245,2023-06-09
4246,2023-06-10
4247,2023-06-11
4248,2023-06-12
4249,2023-06-13
4250,2023-06-14
4251,2023-06-16
4252,2023-06-18
4253,2023-06-19
4254,2023-06-20
4255,2023-06-21
4256,2023-06-22
4257,2023-06-23
4258,2023-06-24
4259,2023-06-25
4260,2023-06-26
4261,2023-06-27
4262,2023-06-28
4263,2023-06-29
4264,2023-06-30
4265,2023-07-01
4266,2023-07-02
4267,2023-07-04
4268,2023-07-05
4269,2023-07-06
4270,2023-07-07
4271,2023-07-08
4272,2023-07-09
4273,2023-07-10
4274,2023-07-11
4275,2023-07-13
4276,2023-07-15
4277,2023-07-16
4278,2023-07-18
4279,2023-07-19
4280,2023-07-20
4281,2023-07-22
4282,2023-07-23
4283,2023-07-24
4284,2023-07-25
4285,2023-07-27
4286,2023-07-28
4287,2023-07-29
4288,2023-07-30
4289,2023-08-01
4290,2023-08-03
4291,2023-08-04
4292,2023-08-05
4293,2023-08-06
4294,2023-08-07
4295,2023-08-11
4296,2023-08-14
4297,2023-08-16
4298,2023-08-17
4299,2023-08-18
4300,2023-08-19
4301,2023-08-21
4302,2023-08-22
4303,2023-08-23
4304,2023-08-24
4305,2023-08-25
4306,2023-08-26
4307,2023-08-27
4308,2023-08-29
4309,2023-08-30
4310,2023-08-31
4311,2023-09-01
4312,2023-09-02
4313,2023-09-03
4314,2023-09-04
4315,2023-09-05
4316,2023-09-06
4317,2023-09-07
4318,2023-09-08
4319,2023-09-09
4320,2023-09-10
4321,2023-09-11
4322,2023-09-13
4323,2023-09-14
4324,2023-09-15
4325,2023-09-16
4326,2023-09-17
4327,2023-09-19
4328,2023-09-20
4329,2023-09-21
4330,2023-09-23
4331,2023-09-24
4332,2023-09-25
4333,2023-09-26
4334,2023-09-27
4335,2023-09-28
4336,2023-09-29
4337,2023-09-30
4338,2023-10-01
4339,2023-10-02
4340,2023-10-03
4341,2023-10-04
4342,2023-10-05
4343,2023-10-06
4344,2023-10-07
4345,2023-10-08
4346,2023-10-09
4347,2023-10-10
4348,2023-10-11
4349,2023-10-12
4350,2023-10-13
4351,2023-10-14
4352,2023-10-15
4353,2023-10-16
4354,2023-10-18
4355,2023-10-19
4356,2023-10-21
4357,2023-10-22
4358,2023-10-23
4359,2023-10-24
4360,2023-10-25
4361,2023-10-26
4362,2023-10-27
4363,2023-10-28
4364,2023-10-29
4365,2023-10-30
4366,2023-10-31
4367,2023-11-01
4368,2023-11-02
4369,2023-11-04
4370,2023-11-05
4371,2023-11-06
4372,2023-11-07
4373,2023-11-08
4374,2023-11-10
4375,2023-11-12
4376,2023-11-13
4377,2023-11-14
4378,2023-11-15
4379,2023-11-16
4380,2023-11-17
4381,2023-11-18
4382,2023-11-19
4383,2023-11-20
4384,2023-11-21
4385,2023-11-22
4386,2023-11-24
4387,2023-11-25
4388,2023-11-26
4389,2023-11-28
4390,2023-11-29
4391,2023-11-30
4392,2023-12-01
4393,2023-12-02
4394,2023-12-03
4395,2023-12-04
4396,2023-12-05
4397,2023-12-06
4398,2023-12-08
4399,2023-12-09
4400,2023-12-10
4401,2023-12-11
4402,2023-12-12
4403,2023-12-14
4404,2023-12-15
4405,2023-12-16
4406,2023-12-17
4407,2023-12-18
4408,2023-12-19
4409,2023-12-20
4410,2023-12-21
4411,2023-12-22
4412,2023-12-23
4413,2023-12-26
4414,2023-12-27
4415,2023-12-28
4416,2023-12-29
4417,2023-12-30
4418,2023-12-31
